963,2025-04-01,Grizzly Adams,1,Lead,Fell/Hung,60,Grizzly Adams at nrocks. Hung a couple times but I think it will go without too much projecting!,,
962,2025-04-01,Lifers,1,Lead,Redpoint,,Lifers at nrocks,,
961,2025-04-01,Dominion,1,Lead,Fell/Hung,,"Dominion at nrocks. Fell on the second to last bolt, was kinda pumped out from earlier!",,
960,2025-04-01,Crescendo,1,TR,,120,Clean TR,,
959,2025-03-28,Unknown 5.10c,1,Lead,Fell/Hung,75,A hard finger crack corner near the summit at NRocks. Probably already climbed but I cant find info on it anywhere,,
958,2025-03-25,The Petting Zoo,1,Lead,Onsight,,The Petting Zoo at NRocks. Fun line!,,
957,2025-03-25,The Wax Museum,1,Lead,Onsight,,I think I did an easier version of The Wax Museum at NRocks. Get into the finger cracks earlier next time!,,
956,2025-03-25,Ed's Fudge Shop,2,Lead,Onsight,65,One extra lap on TR,,
955,2025-03-22,Cast of Thousands,5,TR,,200,TR solo laps,,
954,2025-03-19,Worrell's Thicket,2,Solo,,160,Resin run!,,
953,2025-03-18,West Pole,3,Lead,Redpoint,180,"LRS w/ Revo, +1 pitch to clean and +1 scramble approach pitch. Woo!!",,
952,2025-03-08,Devil in the White House,1,Lead,Redpoint,60,,,
951,2025-03-08,Silhouette,1,Lead,Onsight,85,Pretty fun adventurey sport climb!,,
950,2025-03-08,Man Overboard,1,Lead,Redpoint,70,Still schweet,,
949,2025-02-06,Kakaroots,3,Lead,Redpoint,250,W/ Kim. Started at ~6:30 just before sunset and got back to the base at 9,,
948,2025-02-02,Costao,1,Lead,Redpoint,1000,With Kim. A very curious marmoset trying to sneak into our bag for a sammie,,
947,2025-02-02,Coringa,4,Lead,Redpoint,330,With Kim for her first ever climb! Legendary. Suuuuper hot for the first two pitches though ,,
946,2025-02-01,Ovos Na Chapa,2,Lead,Onsight,735,"Led P1, followed P2 w/ Henrique. Got spooked by gathering clouds so we skipped town. Weirdly felt most sketched out on this climb out of all my climbing on this trip so far! Damn friction slab, man",,
945,2025-02-01,Fissura Esquecida,1,Lead,Onsight,100,So fun!! The nut in the flake halfway up was way better than I thought. It didn’t even pull out when I lowered *shock and awe*,,
944,2025-01-31,Passagem dos Olhos,11,Lead,Onsight,475,"LRS with revo. Linked pitches 2&3. Learned some tricks for LRS traversing! Saw a fox briefly on the approach trail from pitch 2 so cute. Beautiful setting!! 6h13m gate to gate, and I took several long snack breaks!",,
943,2025-01-30,Inversão Feminina,1,TR,,45,TR solo. No falls,,
942,2025-01-30,Via do Crico,1,TR,,45,TR solo. No falls ,,
941,2025-01-30,Rapunzel,1,TR,,35,TR solo. No falls,,
940,2025-01-30,Para os Baixinhos,1,TR,,35,TR solo. No falls,,
939,2025-01-30,Formiga Atômica,1,TR,,45,TR solo. No falls ,,
938,2025-01-30,Graalzinho,1,Lead,Redpoint,45,LRS with revo. ,,
937,2025-01-29,Infravermelho,1,Lead,Onsight,310,LRS with revo. Got rained off at the top of P1 by a lightning storm. Still worth it!,,
936,2025-01-23,Costao,1,Lead,Redpoint,1000,Guided Sigrid,Sigrid,Pastor
935,2025-01-23,Coringa,4,Lead,Redpoint,330,Guided Sigrid,Sigrid,Pastor
934,2025-01-20,Kakaroots,5,Lead,Onsight,250,"LRS w/ revo. Started 15 minutes before sunset to beat the heat, climbed most of it in the dark by headlamp. Crossed paths with two women rapping down as I was finishing up P1. Rigged P3 to rap after leading it so I didn&#39;t have to reclimb. Beautiful views of the city the whole way up!",,
933,2025-01-18,CERJ,9,Lead,Onsight,1312,"Swung leads with Henrique, I took evens plus the 9th pitch. Had to traverse a water streak twice on the crux pitch! Such an incredible climb, absolute classic!! Followed the A0 pitch, but got it clean. Would love to come back and lead odds to lead the 5.10 pitch too. 6 hours base to summit ",,
932,2025-01-17,K3,1,Lead,Onsight,100,Proud onsight! Was seriously touch and go through the crux. Absolutely incredible movement! W/ Johannes. ,,
931,2025-01-17,K2,4,Lead,Redpoint,500,Sick climb! Skipped P2 to do K3 instead ,,
930,2025-01-14,Via dos Italianos,4,Lead,Redpoint,700,LRS w/ revo. Did italianos to where it meets CEPI in two pitches and two hours. Took a snack break and it started raining so I took CEPI to the summit :( no french freeing on the follow pitches though! ,,
929,2025-01-11,Waldemar Guimaraes (Waldo),4,Lead,Onsight,1000,Led pitches 2 & 3 w/ Henrique. Sick climb!! I feel like I got the money pitches. Rapped Segundo to leave. ,,
928,2025-01-10,CEPI,9,Lead,Onsight,,"CEPI via on the Sugarloaf. LRS with revo for most of it, then just daisy soloed the rest. Got a blister on my hand from all the hauling on cable ",,
927,2025-01-07,Costao,1,Solo,,1000,"Soloed everything, clipped one bolt through the technical section with a double length sling",,
926,2025-01-07,Coringa,6,Lead,Onsight,330,"LRS with revo. Mosquitoes were HORRIBLE for the first pitch, probably because it rained overnight. Otherwise pretty sweet! ",,
925,2025-01-05,Costao,1,TR,,1000,"Soloed everything, then TR'd the technical portion bc I arrived right when a guided party was finishing up, so they threw a rope down and I tied it round my waist and ran up the thing. Will have to do it again because I didn't find the pedra filosofia ",,
924,2025-01-03,Preto (with Rubro Negro var),4,Lead,Onsight,400,"LRS with revo. 
Got lost after the Rubro Negro crack and did a 55m pitch all the way to the top. Kinda sketch way up there! Had to bushwhack through hella dense bamboo to get out, totally nackered ",,
923,2024-10-25,Old Man's Route,4,Lead,Redpoint,,"Soloed to the last pitch, then LRS w/ Grigri",,
922,2024-10-25,Agony,2,TR,,200,TR soloed after trundling the death block low on the route,,
921,2024-10-24,Bee Sting Corner,1,TR,,75,TR solo w/ approach shoes no falls. Nice line!,,
920,2024-10-24,Dufty's Popoff,1,TR,,130,TR solo w/ approach shoes. Still so fun!,,
919,2024-10-24,Worrell's Thicket,2,Solo,,160,Access to lower broadway,,
918,2024-10-24,Gert's Grungy Gulley,4,Lead,Onsight,150,Guided my oldest client yet at 81! First time on the upper pitches,,
917,2024-10-22,Gunsight to South Peak Direct,2,Lead,Flash,150,Guiding to set up silks from a highline across the notch. Two pitches from upper broadway to the highline anchor.,Viviana,Quihteiro
916,2024-10-21,Stone Gallows,3,Lead,Onsight,,"Stone Gallows at NRocks. Led P1 and P2, Chris led a short P3 to get to the top of the headwall. SO SICK. Super sandbagged at 10b though",,
915,2024-10-18,Critter Crack,1,Lead,Redpoint,80,Guiding,Kristen,Kwong
914,2024-10-18,Front C,1,Lead,Flash,50,Guiding,Kristen,Kwong
913,2024-10-18,Le Gourmet,2,Lead,Redpoint,285,Guiding. Just P1 and P3,Kristen,Kwong
912,2024-10-17,Gunsight to South Peak,4,Lead,Redpoint,150,Guiding,Kristen,Kwong
911,2024-10-17,Skyline Traverse,3,Lead,Redpoint,,Guiding. Client bootied a fixed nut!,Kristen,Kwong
910,2024-10-16,Roy Gap Chimney's,1,Lead,Redpoint,220,Guiding. Just P1,Kristen,Kwong
909,2024-10-12,Windy Corner,1,Lead,Onsight,80,Holy rope drag for my followers on this one,Jennifer,Stuck
908,2024-10-12,Old Ladies Route,2,Lead,Redpoint,,Longest day ever :o,Jennifer,Stuck
907,2024-10-07,Gunsight to South Peak,3,Lead,Redpoint,150,Guiding,,
906,2024-10-07,Skyline Traverse,2,Lead,Redpoint,,Guiding,,
905,2024-10-07,Lower Skyline Direct (LSD),2,Lead,Redpoint,120,Guiding,,
904,2024-09-26,Old Man's Route,4,Lead,Redpoint,,Guiding. Rainy day!,,
903,2024-09-22,Skyline Traverse,1,TR,,,TR soloed the last pitch on a booty run,,
902,2024-09-22,Old Man's Route,3,Solo,,,TR soloed the last pitch on a stuck rope on the traffic jam rap,,
901,2024-09-21,Totem,3,Lead,Redpoint,280,Guiding. +2 TR pitches to anchor stuff and clean,,
900,2024-09-20,Neck Press,6,Lead,Onsight,200,"LRS w/ Revo. Sick climb, awesome movement throughout! Don't dodge the off width/chimney on P2 by going right to those flakes, the pro is garbage and there's a wonderful hidden hand crack if you go straight up. P3 is well worth it, should be climbed more. ",,
899,2024-09-20,Prune,2,Lead,Onsight,320,"LRS w/ Revo. Just the last two pitches, linked them together into a rope stretcher 40m pitch! Pitch 3 was sweet, took the direct var. ",,
898,2024-09-19,La Bella Vista,2,Lead,Onsight,160,Followed Matt on P1 and led P2. Rowdy!! Climbed into the sunset and saw a bald eagle fly through Roy gap from the top of P2 ,,
897,2024-09-16,Old Ladies Route,3,Lead,Redpoint,,With Joe!,,
896,2024-09-16,Traffic Jam,2,Lead,Onsight,60,Sick climb! One TR pitch to clean since Joe couldn't get up it. TR pitch I didn't use the back wall or the arete for fun,,
895,2024-09-15,Millennium,7,Lead,Redpoint,,"Millennium at NRocks W/ Mack. Linked first two pitches (EZ Wider). Barely beat the 9am via! Flying squirrel nest in the last pitch crack, disturbed the poor dudes nap",,
894,2024-09-12,Green Wall,3,Lead,Redpoint,,Guiding,Nica,Morrison
893,2024-09-12,Ecstasy Junior,2,Lead,Redpoint,160,Guiding,Nica,Morrison
892,2024-09-11,Conn's West,3,Lead,Redpoint,200,Guiding,,
891,2024-09-10,Old Man's Route,2,Lead,Redpoint,,Guiding. Just the last two pitches after rapping Conn's,,
890,2024-09-10,Gunsight to South Peak,3,Lead,Redpoint,150,Guiding,,
889,2024-09-10,Worrell's Thicket,2,Lead,Redpoint,160,Guiding,,
888,2024-09-08,Gunsight To North Peak,4,Solo,,500,Chill scramble day,,
887,2024-09-08,Worrell's Thicket,2,Solo,,160,Chill scramble day,,
886,2024-09-06,Old Man's Route,3,Lead,Redpoint,,Carrying up the portaledge to sleep from the orange aid anchors!,,
885,2024-09-05,Old Man's Route,4,Lead,Redpoint,,Guiding,,
884,2024-09-02,Sirius,1,Lead,Fell/Hung,,"Sirius at nrocks. Went the wrong way at the first bolt, then hung out to booty a piton",,
883,2024-09-02,Crescendo,1,TR,,120,"Aid rope solo with Revo. Get a connect adjust, they're awesome. 1h6m",,
882,2024-08-31,Totem,2,Lead,Redpoint,280,Just P1 to set up a top rope +1 tr pitch to clean. Guiding,,
881,2024-08-28,Mushrooms,1,TR,,60,One TR lap to clean,,
880,2024-08-28,Mushrooms,1,Lead,Redpoint,60,"Fell in the first 8 feet, lowered then got the red point! Dope route, deserves more traffic. On mushrooms ",,
879,2024-08-28,Screamer Crack,1,Lead,Redpoint,80,"Foot slipped and I fell a few feet to the deck before I placed in that first horizontal. Good route though, albeit a tad slippery! You'll want two fives and two fours if you want to avoid bumping almost the whole way",,
878,2024-08-27,"Decameron, The",1,Lead,Onsight,90,,,
877,2024-08-27,Kinesthetica,1,Lead,Onsight,90,So sick!!,,
876,2024-08-27,Mrs. Field's Follies,1,Lead,Onsight,95,,,
875,2024-08-27,Geisha Girl,1,Lead,Onsight,95,,,
874,2024-08-26,Narcissus,1,Lead,Fell/Hung,55,About the same as ever ,,
873,2024-08-26,Satisfaction Guaranteed,1,Lead,Fell/Hung,65,"Fell where the holds start getting small again after the roof. Failed the enduro crux! Proud to have gotten there clean though, the technical crux was tricky",,
872,2024-08-26,Lickety Split,1,Lead,Onsight,60,"W/ John Michael, Mack, and Zia. Stiff for a 9",,
871,2024-08-21,34D,1,Lead,Onsight,,W/ John Michael. Tricky crux for 10b,,
870,2024-08-21,Crescendo,1,Lead,Onsight,120,"Linked both pitches. Sick climb, lives up to the hype! I liked having my #3 but you could definitely get away with leaving it at home. W/ John Michael",,
869,2024-08-18,Gunsight to South Peak,2,Lead,Redpoint,150,LRS w/ Revo. One mega pitch with one follow,,
868,2024-08-18,Rox Salt,1,Lead,Onsight,50,LRS w/ Revo,,
867,2024-08-14,Back to the Front,1,Lead,Redpoint,100,W/ Mack. Sick climb!!,,
866,2024-08-14,Prune,1,Lead,Redpoint,320,W/ Mack. Just P2 after doing Seneca Daze.,,
865,2024-08-14,Seneca Daze,1,Lead,Onsight,75,"W/ Mack. Linked this into P2 of Prune, should have done them as two pitches though",,
864,2024-08-13,Rear Entry,1,Lead,Onsight,125,"Sick climb! Super good movement through the face section, the rock through the roof felt a little suspect. Would sooner to Dufty's Popoff again",,
863,2024-08-13,Skyline Traverse,1,Lead,Redpoint,,W/ John Michael. Just P1 to get to rear entry,,
862,2024-08-12,Old Man's Route,3,Lead,Redpoint,,W/ Jack. Booty run. Found a wiregate on the traverse pitch. Led the whole thing with the grabber hanging off me!,,
861,2024-08-12,Skyline Traverse,3,Lead,Redpoint,,W/ Jack. Booty run with the grabber,,
860,2024-08-04,Roy Gap Chimney's,1,Lead,Redpoint,220,Led P1 to set up a TR. Guiding,,
859,2024-08-04,The Burn,1,TR,,150,TR to clean. Guiding,,
858,2024-08-04,Totem,1,Lead,Redpoint,280,LRS w/ revo. Guiding,,
857,2024-08-03,Never Say Never,1,TR,,,Never Say Never at nrocks,,
856,2024-08-03,License to Drill,1,Lead,Redpoint,,License to Drill at nrocks.,,
855,2024-08-03,Flying Bunghole,2,Lead,Onsight,,Flying Bunghole at nrocks. Finding the bunghole made pulling the roof a breeze! +1 pitch to TR for fun,,
854,2024-08-03,Lifers,1,Lead,Onsight,,Lifers at nrocks,,
853,2024-08-02,Thais - Variation Thais Escape,1,Lead,Redpoint,40,Guiding,,
852,2024-08-02,Thais,2,Lead,Redpoint,300,Guiding. Much smoother transitions,,
851,2024-08-01,Ecstasy Junior,2,Lead,Redpoint,160,Guiding,,
850,2024-08-01,Conn's West,3,Lead,Redpoint,200,"Guiding, shouldn't have done the third pitch",,
849,2024-07-31,Totem,1,TR,,280,TR just pitch 1 to clean. Guiding,,
848,2024-07-31,Wild Men Only,1,Lead,Onsight,315,LRS w/ Revo. Just pitch 1 to set up a TR. Guiding,,
847,2024-07-30,Lower Skyline Direct (LSD),2,Lead,Redpoint,120,LRS w/ Revo. One pitch to the skyline anchors + 1 to follow. Pro on the corner is super sus. Was this corner really Bella Vista Lotus Var?,,
846,2024-07-30,Dufty's Popoff,2,Lead,,130,"LRS w/ Revo. Lives up to the hype, it was dope!! Great pro throughout too",,
845,2024-07-29,The Burn,1,TR,,150,Guiding. TR to clean,,
844,2024-07-29,Candy Corner,1,Lead,Redpoint,95,Guiding,,
843,2024-07-25,Totem,3,Lead,Fell/Hung,280,"W/ Tom Cronin. Led the crux roof, fuckin gnarly!",,
842,2024-07-24,Lower Skyline Direct (LSD),1,Solo,,120,Explored starting near the base of Candy Corner ending at the normal start for Skyline,,
841,2024-07-24,Totem,1,Lead,Redpoint,280,Guiding. LRS with Revo. Just P1.,,
840,2024-07-22,Totem,1,Lead,Redpoint,280,Guiding,,
839,2024-07-20,The Burn,1,TR,,150,TR to clean,,
838,2024-07-20,Totem,1,TR,,280,TR to clean,,
837,2024-07-20,Totem,1,Lead,Redpoint,280,Guiding,,
836,2024-07-18,Conn's West,3,Lead,Redpoint,200,Guiding. Phone rescue mission from the crack under the first summit rappel station. Success!,,
835,2024-07-17,Ye Gods & Little Fishes,1,TR,,85,TR to tweak the anchor,,
834,2024-07-17,Totem,1,Lead,Redpoint,280,Guiding,,
833,2024-07-14,Kamikaze,1,TR,,,Kamikaze at NRocks. Approach shoe send to clean.,,
832,2024-07-14,Dominion,1,TR,,,Dominion at NRocks. Approach shoe send,,
831,2024-07-12,Internal Dialogue,1,TR,,55,Followed to clean. Dogs out!,,
830,2024-07-12,Internal Dialogue,1,Lead,Flash,55,,,
829,2024-07-11,Old Man's Route,4,Lead,Redpoint,,Guiding,,
828,2024-07-10,Roy Gap Chimney's,1,Lead,Redpoint,220,Guided Cleo. Just P1,Cleo,Harvey
827,2024-07-10,Conn's West,3,Lead,Redpoint,200,Guided Cleo. ,Cleo,Harvey
826,2024-07-09,Honey Hole 5.7,1,TR,,,TRd the line above the road at Honey Hole for fun.,,
825,2024-07-09,Honey Hole 5.7,1,Lead,Onsight,,"Super fun line above the road at Honey Hole. Super fun, good holds!",,
824,2024-07-09,Honey Hole 5.10a,1,Lead,Redpoint,,"Same line from before at Honey Hole. You can dodge the big deadpoint, but why would you?",,
823,2024-07-07,Skyline Traverse,2,Lead,Redpoint,,Guiding. Just the last two pitches.,,
822,2024-07-07,Candy Corner,1,Lead,Redpoint,95,Guiding,,
821,2024-07-06,Thais - Variation Thais Escape,1,Lead,Onsight,40,Guiding,,
820,2024-07-06,Thais,2,Lead,Redpoint,300,,,
819,2024-06-25,Triple S,1,Lead,Fell/Hung,90,Guided Mateo. Pulled on gear a couple times to get the job done,Mateo,Castilla
818,2024-06-24,Gunsight to South Peak,2,Lead,Redpoint,150,W/ Chris and Mack,,
817,2024-06-24,Critter Crack,1,Lead,Redpoint,80,W/ Chris and Mack,,
816,2024-06-24,Old Man's Route,2,Lead,Redpoint,,Led to the tree ledge then soloed to Critter. W/ Mack and Chris,,
815,2024-06-23,Honey Hole 5.10a,1,TR,,,TRd a harder line below the anchors of the 5.8 at Honey Hole. Would go for a lead with a stick clip!,,
814,2024-06-23,Honey Hole 5.8,1,Lead,Fell/Hung,,"A seriously dirty, diagonal line at honey hole. Fell on the finishing moves",,
813,2024-06-22,EZ Wider,1,Lead,Redpoint,,Led just the first pitch to TR some clients.,,
812,2024-06-21,Pleasant Overhangs,3,Lead,Redpoint,290,W/ John Michael. Pretty fun taking him up this!,,
811,2024-06-20,Candy Corner,1,Follow,,95,Followed Chris,,
810,2024-06-20,Ambush,2,Lead,Redpoint,40,Wooo!! TRd after to clean the gear,,
809,2024-06-20,Ecstasy Junior,2,Follow,,160,Followed Chris,,
808,2024-06-19,Totem,2,Lead,Redpoint,280,LRS w revo. Just pitch one to set a toprope for the children. +1 TR lap to clean,,
807,2024-06-15,Gunsight to South Peak,3,Lead,Redpoint,150,Guided Joe and Bob(kinda) for a big Lebowski moment,Joe,Barnes
806,2024-06-13,Predator,1,TR,,45,Found some fun crux beta where you cross your left leg across before you reach for the sloper with the thumb catch,,
805,2024-06-13,Predator,1,Lead,Fell/Hung,45,Getting closer!,,
804,2024-06-13,Ambush,1,Follow,,40,"Followed Tom. Could go for the send on this! 
#1, .75, .4 then maybe a #2 for the scramble to the anchors",,
803,2024-06-13,Climbin' Punishment,2,Lead,Onsight,180,"Followed pitch 1, led pitch 2. Perfect hands to the top!!",,
802,2024-06-12,Worrell's Thicket,2,Solo,,160,Access to Broadway on an early morning booty run,,
801,2024-06-11,Orangeaid,1,TR,,80,TR solo. Stout!,,
800,2024-06-11,Old Man's Route,3,TR,,200,Soloed to the last pitch then was lucky enough to get permission to slap my micro on someones rapline,,
799,2024-06-11,Pollux,1,Lead,Redpoint,45,Cruiser!,,
798,2024-06-11,Pollux,1,TR,,45,TR solo from orangeaid bolts,,
797,2024-06-08,Conn's East,4,Lead,Onsight,250,LRS with revo. Decent!,,
796,2024-06-08,Kauffman-Cardon,4,Lead,Onsight,175,"LRS with revo. First pitch was good, the second pitch was the most garbage pitch I've ever done at Seneca ",,
795,2024-06-07,T&T,1,Lead,Onsight,190,,,
794,2024-06-07,Bee Sting Corner,1,Lead,Onsight,75,,,
793,2024-06-05,Predator,1,TR,,45,TR solo. ,,
792,2024-06-04,Dominion,1,TR,,,Dominion at nrocks. Dogs out send!,,
791,2024-06-03,Thais,4,Lead,Onsight,300,LRS with Revo. Linked pitches 1&2 and 3&4. I thought the second pitch was the money!,,
790,2024-06-01,Conn's West,3,Lead,Redpoint,200,Guiding. Busy day on the rock!,,
789,2024-05-28,Old Ladies Route,2,Lead,Redpoint,,Guiding Matt B. Nighttime ascent,Matt,Benden
788,2024-05-28,Up and Coming,2,Lead,Redpoint,130,Guiding Matt B. Nighttime ascent,Matt,Benden
787,2024-05-28,Worrell's Thicket,3,Lead,Redpoint,160,Guiding Matt B. Nighttime ascent,Matt,Benden
786,2024-05-27,Two Scoops,1,TR,,,"Two Scoops at nrocks. Super stout, crimpy crux! Really fun movement though",,
785,2024-05-27,IMOL,1,TR,,,IMOL at nrocks,,
784,2024-05-27,Two Poops,1,Lead,Fell/Hung,80,Two Poops at nrocks. Morgans first time lead belaying so I took at the crux for her sake,,
783,2024-05-27,Old Man's Route,3,,,,Soloed to the last pitch then roped up for the crux pitch,,
782,2024-05-27,Ecstasy Junior,2,,,160,Simuled with Matt on a booty run,,
781,2024-05-26,Conn's West,3,Lead,Redpoint,200,Guiding,,
780,2024-05-25,Bear's Delight,1,Lead,Onsight,40,Linked this with Lichen or Leave it for a mega pitch,,
779,2024-05-25,Lichen or Leave It,2,Lead,Onsight,90,"LRS w/ Revo & mtrax. Did one mega pitch from the base of Lichen or Leave it all the way to the ridge, about 55m. Scrambled down the observation deck to take the tourist trail down. Neat crux!",,
778,2024-05-21,Judgement Seat,4,Lead,Fell/Hung,225,"Fell on a bomber .75 at the crux. Tried to lieback but should have just stayed in the crack and went for the foot jams. Followed Matt on the OG second pitch left of the roof, super licheny! Two more adventure pitches to get to the top of the southern pillar",,
777,2024-05-21,Cottonmouth - Venom,1,Follow,,200,"Followed Matt. Thin and greasy, but good! Venom was sick",,
776,2024-05-19,Sea of Tranquility,1,TR,,45,"TRd the direct line through the roof, super reachy!",,
775,2024-05-19,Dr Taco,1,Lead,Onsight,30,,,
774,2024-05-19,Welcome to Reed's Creek,1,Lead,Onsight,30,,,
773,2024-05-19,Catfish Strangler,1,Lead,Onsight,60,"So sick! A bit of a one move wonder, but damn that move is so fun. Must do at Reeds!",,
772,2024-05-19,Sea of Tranquility,1,Lead,Onsight,45,,,
771,2024-05-16,Breakneck Direct,1,TR,,80,,,
770,2024-05-16,Triple S,3,Lead,Onsight,90,"Onsighted it first go, then did a couple TR laps. Good stuff!",,
769,2024-05-15,Skyline Traverse,4,Lead,Redpoint,,,,
768,2024-05-12,Old Man's Route,4,Lead,Redpoint,,W/ Julie. Busy day on old mans!,,
767,2024-05-08,Neck Press,1,TR,,200,TR just pitch 2 to get a stuck rope,,
766,2024-05-08,Green Wall,4,Lead,Onsight,,LRS w/ Revo. A good time! Linked the last two pitches ,,
765,2024-05-06,Oz,1,Lead,Onsight,,"Oz at NRocks w/ Chris. Pretty damp lichen which was a tad sketch, but still a good time!",,
764,2024-05-06,Shorty,3,Lead,Redpoint,,"Shorty at NRocks w/ Chris. Fell at the second bolt on the flash attempt, lowered and got it clean! Two more burns on top rope just for fun",,
763,2024-05-02,Millennium,6,Lead,Onsight,,"W/ Holly. Millennium at NRocks. Linked pitches 1 & 2 as well as pitches 5 & 6. Mostly cool because it&#39;s so long, that&#39;s about it. But the last pitch is pretty fun!",,
762,2024-05-01,Daytripper,1,,,70,"Botched the crux, should have gone right foot first :(",,
761,2024-05-01,Right Tope,1,TR,,100,,,
760,2024-05-01,Right Tope,1,Lead,Onsight,100,Clipped two pieces left over from Holly's lead. Loved the crux!,,
759,2024-05-01,Ambush,1,TR,,40,Super fun moves through the roof!,,
758,2024-05-01,Block Party,1,TR,,40,,,
757,2024-04-29,Sunshine,2,TR,,100,"2x laps on TR solo. Found 7 good placements (See Google Photos, left to right) from the deck to the first bolt that wouldn&#39;t make it too bad, but the first 10ft would still be a heads up zone. Still need to check gear for the rest of the route",,
756,2024-04-28,Humphrey's Head,1,Lead,Redpoint,50,"Guided Matt (Whipper) and Matt. Took the route directly below the rap line, was a good bit tougher than following the north ridge. ",Matt,Kolberg
755,2024-04-28,Ecstasy Junior,2,Lead,Redpoint,160,Guided Matt (Whipper) and Matt.,Matt,Tolbert
754,2024-04-27,Gunsight to South Peak,4,Lead,Redpoint,150,I think doing Gunsight to South Peak Direct is the better move for more confident climbers,,
753,2024-04-23,Old Ladies Route,2,Lead,Redpoint,,,,
752,2024-04-23,Ecstasy,2,Lead,Redpoint,250,"Linked P1 and P2, don&#39;t do that in the future. Used a .1, .3, and a #1 peenut backed up by a piton for the hanging belay after the traverse",,
751,2024-04-22,License to Drill,1,Lead,Redpoint,,"License To Drill at nrocks, did EZ Wider to start",,
750,2024-04-22,Bottom Feeder,1,Lead,Redpoint,,Bottom Feeder at nrocks,,
749,2024-04-21,Totem,1,Lead,Redpoint,280,Guided some scouts. Just P1 to TR this and the climb to the left,,
748,2024-04-19,Gunsight to South Peak,4,Lead,Redpoint,150,Guided Jonah. Split it into 4 pitches from upper broadway to the summit.,Jonah,Lee
747,2024-04-19,Conn's West,3,Lead,Redpoint,200,Guided Jonah. Need to find a decent placement before the chockstone on P2 and a piece thats easier to clean on the first ledge of P3,Jonah,Lee
746,2024-04-16,Predator,1,Lead,Fell/Hung,45,"Went bolt to bolt, but it's not as futuristic as I thought it might be!",,
745,2024-04-16,Sunshine,1,TR,,100,Could go for the lead after I dial the gear!,,
744,2024-04-16,The Burn,1,Lead,Redpoint,150,,,
743,2024-04-15,Climbin' Punishment,1,Lead,Redpoint,180,"Aided most of P1 after rain to remove a stuck cam. Totally busted, but fun!",,
742,2024-04-06,Roy Gap Chimney's,1,Lead,Onsight,220,Guided Matt. Onsighted just P1,Matt,Kolberg
741,2024-04-06,Old Ladies Route,2,Lead,Redpoint,,"Guided Matt. Just the last two pitches. Squeaked in among a group of 7, they were super kind and chill",Matt,Kolberg
740,2024-04-06,Up and Coming,2,Lead,Onsight,130,"Guided Matt. Better movement than I expected, it was quite a fun way to access Old Ladies from the East",Matt,Kolberg
739,2024-04-06,Worrell's Thicket,2,Lead,Redpoint,160,Guided Matt,Matt,Kolberg
738,2024-04-02,Conn's West,2,TR,,200,"TR solo, just first two pitches to retrieve Kyle's gear ",,
737,2024-03-31,Put A Wiggle In Your Stride,1,TR,,50,"TR solo. Hard as nails, but got all the moves after some effort. Reckon another bolt could go in down low given that the old gear placement is gone, otherwise I'll shamelessly stick clip this puppy",,
736,2024-03-31,S&M,1,TR,,100,TR solo. Just pitch 2,,
735,2024-03-31,Dirty Old Man,1,Lead,Onsight,80,LRS w/ Revo. Went in direct once to handle the back feeding,,
734,2024-03-31,Frosted Flake,2,Lead,Onsight,100,"LRS w/ Revo + a follow pitch. Fun route! On point at 5.9 I think, so pretty soft by Seneca standards",,
733,2024-03-29,Old Ladies Route,3,Follow,,,"Guiding. Followed Kyle's lead, guided Alex and Kolton",,
732,2024-03-27,Abandoned,1,Lead,Redpoint,,Abandoned at nrocks. Used only one of the jugs on the arete to reach the lip just for fun,,
731,2024-03-27,Nameless,1,Lead,Onsight,,Nameless at nrocks 007 wall,,
730,2024-03-27,Dominion,1,Lead,Onsight,,"Dominion at nrocks. Super wet for the entire first half, but really quality climb",,
729,2024-03-27,Abandoned,1,Lead,Onsight,,Abandoned at nrocks,,
728,2024-03-27,Never Say Never,1,Lead,Onsight,,Never Say Never at nrocks,,
727,2024-03-27,License to Drill,1,Lead,Onsight,,License to Drill at nrocks,,
726,2024-03-26,Conn's West,3,Lead,Onsight,200,"Chris led p1 of Old Man&#39;s, then I led  both pitches of Conns. Fun route!",,
725,2024-03-24,West Pole,2,Lead,Onsight,180,"W/ Josh. So sick!!! Bring some wide gear, pink tricam under the roof, #1 for the roof, save some TCUs for the corner above",,
724,2024-03-24,Crispy Critter,1,Lead,Onsight,55,"A harder, thinner version of critter crack, so good!",,
723,2024-03-24,Le Gourmet,1,Lead,Flash,285,Just pitch 1 w/ Josh,,
722,2024-03-24,Critter Crack,1,Follow,,80,Followed Josh,,
721,2024-03-24,Front C,1,Follow,,50,With Josh,,
720,2024-03-22,Southwest Buttress Variation,2,Lead,Redpoint,60,"Training. W/ Tom, Chad, and Joe ",,
719,2024-03-21,High Test,1,TR,,120,Training,,
718,2024-03-21,Gunsight to South Peak Direct,1,Follow,,150,Training. Followed Chad with Arthur,,
717,2024-03-21,Skyline Traverse,3,Follow,,,Training. Followed Chad with Arthur,,
716,2024-03-19,Old Man's Route,4,Lead,Redpoint,,"Training. Split it into 4 pitches to train w/ Chad, Kyle, and Arthur",,
715,2024-03-18,Ecstasy Junior,2,Lead,Onsight,160,W/ Chad,,
714,2024-03-18,The Burn,1,TR,,150,,,
713,2024-03-16,Le Gourmet,2,Lead,Onsight,285,LRS w/ Revo. Only did the short pitch to critter crack after doing the direct start,,
712,2024-03-16,Critter Crack,2,Lead,Onsight,80,LRS w/ Revo. Whoever says this is sustained couldn't find a no-hands rest if it hit em over the head!,,
711,2024-03-16,Le Gourmet Direct,2,Lead,Onsight,100,LRS w/ revo,,
710,2024-03-14,Humphrey's Head,2,Lead,Onsight,50,"LRS w/ revo, chock only ascent for practice",,
709,2024-03-13,Totem,1,Lead,Onsight,280,Just P1 with Kyle and Tom for training,,
708,2024-03-13,Ye Gods & Little Fishes,1,TR,,85,W/ Kyle after climbing Candy Corner,,
707,2024-03-13,Candy Corner,1,Lead,Onsight,95,W/ Kyle ,,
706,2024-03-04,North Ridge,2,Lead,Onsight,,"Super fun!! The setting was way better than the movement, but so worth it! Tons of tourists. W/ Lucia",,
705,2024-03-02,Random Couloir,5,Lead,Onsight,1000,Climbed a random couloir above Chasm Lake after bailing from Kieners. A great day!,,
704,2024-02-27,Vitamin V,1,TR,,50,TR solo,,
703,2024-02-27,Chasing Sticks,1,TR,,,TR solo. Cold and snowy,,
702,2024-02-25,Vertigo,4,Lead,Fell/Hung,,"LRS P1, followed P2, both clean. Led P3 and P4, kinda hang dogged both, but had a great time!! Wind was so bad it could blow a fart UP my ass. 50mph winds towards the top, just about got blown off the rock!",,
701,2024-02-24,Full Recovery,1,TR,,160,,,
700,2024-02-17,Kool Cat,1,TR,,90,Clean. Sick climb! Would be a lot tougher on lead ,,
699,2024-02-17,To Skin a Cat,1,TR,,60,"Got hard stopped at the crux, it's pretty brutal!",,
698,2024-02-17,More Than One Way,1,TR,,70,"Kinda burly, a good time!",,
697,2024-02-17,Catsup,1,Lead,Flash,65,,,
696,2024-02-17,Trip to the Vet,1,Lead,Flash,100,,,
695,2024-02-16,Standard Route,1,Lead,Onsight,90,LRS with Revo. Super stoked to have done my first aid climb!!,,
694,2024-02-15,West Crack,1,Lead,Onsight,100,"LRS with revo. Fun climb, but there was mouse piss and shit all over it ",,
693,2024-02-15,West Chimney,1,Solo,,60,Soloing is lame do not recommend,,
692,2024-02-13,Bongeater,1,Lead,Fell/Hung,80,"Botched it a foot shy of the lip bc I was gassed and runout. Next time get the crimp on the left hand, then bump the right to a layback sloper to get to the lip",,
691,2024-02-13,The Coffin,1,Lead,Onsight,80,Fuckin' sick!,,
690,2024-02-13,Crescent Crack,3,Lead,Onsight,300,"Sick climb! Definitely not for beginners, though! Led a short extra pitch to get to The Coffin. Can confirm the chimney goes easier than 5.10. It was a little thrutchy for me because I&#39;m not good at chimney/offwidth, but it went!",,
689,2024-02-11,Random 5.6,1,Lead,Onsight,,"LRS with revo. Something on Pete&#39;s Rock towards the left, went to a roof, some tricky moves just after the roof then a cakewalk up a slab",,
688,2024-02-11,Random 5.6,1,Lead,Onsight,,"LRS with revo. Some random route at Pete&#39;s Rock, just left of one of the easier lines, followed the smaller crack. Bootied a fixed nut that looked to have been there a good while!",,
687,2024-02-11,Route 1,1,Lead,Onsight,70,"LRS w/ Revo, did the 5.7 variation. Kinda tricky to protect up to the first bolt!",,
686,2024-02-11,Knifeblade Crack,2,Lead,Onsight,60,LRS w/ revo,,
685,2024-02-03,Birdland,10,Lead,Onsight,600,LRS with revo. It's as good as they say!!,,
684,2024-01-28,Ending Crack,1,Lead,Onsight,300,"Just did pitch 1. A dream to climb, super fun!!",,
683,2024-01-28,Tree Root,2,Lead,Onsight,300,Pretty chill and fun! LOTS of ants at the base,,
682,2024-01-27,South Face Left,1,TR,,80,Took the left variation,,
681,2024-01-27,Left,1,TR,,90,,,
680,2024-01-27,Left Center,1,TR,,90,,,
679,2024-01-13,Sexy Grandma,1,Lead,Onsight,80,Rope gunned for some friendly boulderers!,,
678,2024-01-13,Bearded Cabbage,1,Lead,Fell/Hung,80,Fell a couple times at the Crux and lost some skin. Reallyyy should get some new crack gloves ,,
677,2024-01-13,Buissonier,2,Lead,Onsight,,LRS w/ one follow pitch,,
676,2024-01-10,Four Course Meal,3,Lead,Onsight,400,w/ Dana,,
675,2024-01-08,King of Snake,1,TR,,90,"Clean send, super fun Crux!!",,
674,2024-01-08,Swifting,1,Lead,Onsight,90,,,
673,2024-01-08,Postcards to Pinetop,1,Lead,Onsight,110,,,
672,2024-01-08,Sombreros from Snowflake,1,Lead,Onsight,101,,,
671,2023-12-26,Hot Yoga,1,TR,,50,"Last route of the day, so I just TR'd",,
670,2023-12-15,Outhouse,1,Lead,Redpoint,50,,,
669,2023-12-15,KMA,1,TR,,60,,,
668,2023-12-15,Blind Prophet,1,Lead,Fell/Hung,70,"Pretty gassed, fell at the second to last bolt",,
667,2023-12-15,Blind Prophet,1,Lead,Fell/Hung,70,"Fell right at the last bolt, so close! ",,
666,2023-12-15,Grandpa's Belay,1,TR,,50,,,
665,2023-12-09,Crackin' Up,1,Lead,Redpoint,50,SPI exam. Bootied a .75!,,
664,2023-12-09,Outhouse,1,TR,,50,SPI exam,,
663,2023-12-09,KMA,1,TR,,60,SPI exam,,
662,2023-12-03,Outhouse,1,TR,,50,SPI course,,
661,2023-11-18,Son of White Trash,1,Lead,Redpoint,40,,,
660,2023-11-18,Red Headed Stepchild,1,Lead,Onsight,30,"Super fun, definitely worth getting on!! ",,
659,2023-11-18,Unwritten Law,1,Lead,Fell/Hung,45,Made it clean to the dyno again then botched it. Gave a couple more throws then came down bc a wicked flapper on my pinkie :(,,
658,2023-11-18,Dimpsty Dumpster,1,Lead,Redpoint,25,,,
657,2023-11-18,Unwritten Law,1,Lead,Fell/Hung,45,"Got it clean to the dyno, then fell. Hung for a bit then tried again and got the move for the first time!",,
656,2023-11-18,Voodoo Child,1,Lead,Redpoint,,,,
655,2023-11-18,Vermin,1,Lead,Onsight,,,,
654,2023-11-12,The Great Arch,3,Lead,Redpoint,400,Guiding,,
653,2023-11-12,U Slot,1,Lead,Redpoint,140,Guiding,,
652,2023-11-03,U Slot,1,Lead,Redpoint,140,,,
651,2023-11-03,The Great Arch,3,Lead,Redpoint,400,Mock guide w/ Russell & Josie,,
650,2023-10-30,Sentinel Buttress,2,Lead,Redpoint,200,Spoopy climb!,,
649,2023-10-21,Two Bag Face,1,Lead,Onsight,80,,,
648,2023-10-21,Springboard,1,Lead,Redpoint,70,,,
647,2023-10-21,Triple Treat,1,Lead,Onsight,70,"Whoo, what a fight!! Stoked to bag the onsight",,
646,2023-10-21,Shiny Faces,1,Lead,Fell/Hung,60,"Fell at the crux, then again at the jug after the crux. Pretty tough! Crux beta is very similar to Narcissus tbh. Gear was great all through though, but the upper hand crack that would have been a total joy was sopping wet from rain last night .
 Want to try inversion beta next time :)",,
645,2023-10-21,Ritz Cracker,1,Lead,Onsight,90,Lives up to the hype!,,
644,2023-10-20,Animal Logic,1,Follow,,20,"Follow to clean, also fell a couple times",,
643,2023-10-20,Process of Elimination,1,Lead,Onsight,45,Everything I wanted climbing those 12s today to be! I guess I need to get stronger,,
642,2023-10-20,Animal Logic,1,Lead,Fell/Hung,20,,,
641,2023-10-20,Narcissus,1,Lead,Fell/Hung,55,"Climbed through to the ledge, fell after trying for the big move off the ledge. Need to really dial the traverse and get better at resting at the ledge. Also get stronger! Found a crummy kneebar rest right after that move, could try to figure out how to dial that in ",,
640,2023-10-20,Narcissus,1,Lead,Fell/Hung,55,"Fell at the 4th bolt after having no clue what to do, then sussed out the beta. Gotta keep working on it!",,
639,2023-10-19,New Yosemite,1,Lead,Redpoint,65,Felt very easy!,,
638,2023-10-01,Two For One,1,Lead,Onsight,180,Accidentally ended up here while trying to go to pumpkintown... Had fun on this though! Snagged a bail biner. placed a black tricam right after the bolt above the ledge,,
637,2023-09-23,19'-hexanoyloxyfucoxanthin,2,Lead,Onsight,110,FA of 19'-hexanoyloxyfucoxanthin. Followed crux pitch,,
636,2023-09-23,Prime Rib,2,Lead,Onsight,70,FA of Prime Rib. Led the crux pitch,,
635,2023-09-16,Dude on the Corner,1,Lead,Redpoint,50,,,
634,2023-09-08,Easy Hard,1,Lead,Redpoint,120,"Guiding, accidentally took the 5.6/7 roof on the left just below the anchor. Oops!",,
633,2023-09-05,The 8th Sin,1,Lead,Fell/Hung,,"Route was bone dry today, had a ton of fun! Hung a couple times, made it to the moves just below the anchor and biffed it. So fun!",,
632,2023-09-05,The Devil Wears Prana,1,Lead,Onsight,,,,
631,2023-09-03,Capt Crunch,1,Lead,Fell/Hung,80,"What a fight! Had a ton of fun, it was just the right challenge level. Very dirty though ",,
630,2023-09-03,Born Again,1,Lead,Pinkpoint,90,"Top roped to the second bolt, led the rest. Clean",,
629,2023-09-03,Shredded Wheat,1,Lead,Onsight,90,Incredible!! Was a little touch and go in the crux but I pulled through ,,
628,2023-09-03,Frosted Flake,1,Follow,,80,,,
627,2023-08-29,Sentinel Buttress,1,Lead,Redpoint,200,Just P2,,
626,2023-08-29,Big Jugs,1,Lead,Onsight,90,SO much better than P1 of sentinel,,
625,2023-08-27,Crackin' Up,1,Lead,Redpoint,50,,,
624,2023-08-27,Bat out of Hell,1,Lead,Fell/Hung,,Fell at the 4th bolt after pumping out on the wee baby crimps,,
623,2023-08-27,Erocktica,1,Lead,Fell/Hung,50,,,
622,2023-08-17,Old Man's Route,3,Lead,Onsight,,,,
621,2023-08-15,Cruizin' South,1,Lead,Onsight,85,For Guilherme to TR,,
620,2023-08-15,Expose',1,Lead,Onsight,80,"So sick, I had a ton of fun on this one! Getting the onsight was tough and thought provoking ",,
619,2023-08-15,Autumn Arch,1,Lead,Onsight,85,,,
618,2023-08-11,Thin Air,4,Lead,Onsight,300,"Linked pitches 1 and 2, did 4 twice bc a piece of my anchor got stuck, with Masha",,
617,2023-07-25,Childs Play,1,TR,,80,,,
616,2023-07-25,Recluse,1,Lead,Redpoint,85,"Fell at the crux once, lowered to the ground then sent! Had my hands in the wrong order first go",,
615,2023-07-25,Bird's Nest,2,Lead,Onsight,80,LRS with Revo and micro Trax. Got accosted by a giant spider part way up and he disappeared when I bumped up a cam! Also first time rapping on a munter because my memory is terrible ,,
614,2023-07-24,Standard Route,13,Lead,Onsight,1100,"LRS with Revo and micro Trax. Soloed the first pitch, linked 2 and 3 as well as the final two pitches. Started raining as I was following the very last pitch. Great day out! Climbed behind Daniel and Emily; good quality chatting ",,
613,2023-07-17,Short Shagg,1,Follow,,,Barefoot follow to clean,,
612,2023-07-17,Short Shagg,1,Lead,Onsight,,,,
611,2023-07-17,Rough Rhino,1,Lead,Onsight,45,,,
610,2023-07-17,Fuzzy Rhino Slippers,1,Lead,Redpoint,55,"Fell on the crux once, then fell to the easy moves below. Gave it a rest on the rope then sent!",,
609,2023-07-17,Short Bob,1,Lead,Fell/Hung,50,"Made it to the anchors!! Had to french free the crux, but did all the other moves with just a little hangdogging. Growth zone babyyy",,
608,2023-07-17,The Great Escape,1,Lead,Fell/Hung,,"Suuuper wet, and went too high at the top so I had to take a couple moves shy of the anchors",,
607,2023-07-12,Whitney Gilman Ridge,6,Lead,Onsight,600,,,
606,2023-07-07,Dirty Harry,1,TR,,60,Clean TR to clean,,
605,2023-07-07,500 Pound Flakeout,1,Lead,Flash,60,,,
604,2023-07-07,Dirty Harry,1,Lead,Flash,60,Totally my style!,,
603,2023-07-07,Charlotte's Crack,2,Lead,Onsight,300,,,
602,2023-06-08,Guillotine,1,Follow,,40,,,
601,2023-06-08,Wonder Wall,1,Lead,Redpoint,50,Really don't know why people don't like to lead this! It eats up micros with an odd hand and finger sized cam thrown in for good measure. Never placed a nut,,
600,2023-06-08,Peak Performance,1,Lead,Fell/Hung,60,"This climb was greasy as fuck. Abby led to the traverse but it was too wet. I pinkpointed to that point, did the traverse, tried the crimpy face but peeled off because it was so damp and took a chunky whip on a .4. I'll have to come back when it's drier!",,
599,2023-06-08,Wonder Wall,1,TR,,50,,,
598,2023-06-08,A Dare by the Sea,1,Lead,Flash,60,,,
597,2023-06-08,"Easy Corner (aka ? ""Wonder Corner"" )",1,Follow,,60,,,
596,2023-06-07,Echoes,1,TR,,100,A bunch of falls through the crux. Pretty thin!,,
595,2023-06-07,Recompense,1,Follow,,400,Followed the last pitch,,
594,2023-06-07,The Prow,1,Lead,Onsight,350,"Just led the last pitch. The description is pretty on point, it was super nice!",,
593,2023-06-07,Goofer's Delight,1,Lead,Onsight,140,"Lowered to the top pitch and just did the traverse. Very easy, but a ton of fun and a crowd pleaser!",,
592,2023-06-05,The Fastest Gun,2,Lead,Onsight,500,"Linked up after climbing Bloody Mary. Led to the top of P2 and P3, followed P4. What a climb!! Will have to come back to do the whole thing sometime.
Wild doing those insecure, slabby moves above the two smallest pieces I own (a #1 DMM Peenut and a #0 Z4 equalized with a sliding x)",,
591,2023-06-05,Bloody Mary,2,Lead,Onsight,500,"Led P1, followed P2. So sick!! I'd like to come back to lead P2 sometime",,
590,2023-06-04,Slim Pickins,1,Lead,Onsight,90,"Very fun climb, plenty easy enough to savor without cruxing out",,
589,2023-06-04,Esthesia,1,Follow,,90,"Did the crux roof offwidth style which was a tall order, but it went!",,
588,2023-06-04,TR,1,Lead,Onsight,70,"What a fight, but rests where you need them!",,
587,2023-06-03,Good Day,1,Lead,Flash,90,"Pretty fun, cruiser climb! Crux is just 'can you crimp hard enough?'",,
586,2023-06-03,The Gong Show,1,Lead,Onsight,100,Peregrine tried to poop on us while lowering!,,
585,2023-06-03,Grin and Bear It,1,Lead,Pinkpoint,90,Not really sandbagged in my opinion ,,
584,2023-06-03,Snake Charmer,1,Lead,Onsight,100,,,
583,2023-06-03,Lunar Manscaping,1,Lead,Pinkpoint,90,,,
582,2023-06-01,Birdbrain,1,TR,,80,"Pretty tough, but I did all the moves! Fell about a billion times though",,
581,2023-06-01,Bird Cage,1,Follow,,100,"Damn, the only way to describe the crux is 'thuggy'",,
580,2023-06-01,Transcontinental Nailway,1,Lead,Fell/Hung,100,"Took a fall after pulling the roof, pumped out trying to find a good enough left hand to clip from. felt like a real sandbag at 10b",,
579,2023-06-01,Birdland,1,Follow,,200,,,
578,2023-05-30,Ants' Line,1,Lead,Onsight,80,,,
577,2023-05-30,Space Invaders,1,TR,,70,A+,,
576,2023-05-30,Bonnie's Roof,3,Lead,Onsight,250,"Led P1, accidentally stopped right after the crux. Followed pitches 2 and 3",,
575,2023-05-30,High Exposure,1,Follow,,250,"Followed P2, fucking sick",,
574,2023-05-30,Directissima,3,Lead,Onsight,120,"Led P1 and P3. Lots of fun, the best way to get to High E but then it's also the only one I've done",,
573,2023-05-28,Balcony Arête,1,TR,,35,,,
572,2023-05-28,Backslider,1,TR,,25,,,
571,2023-05-28,Possibilities,1,TR,,25,,,
570,2023-05-28,Left Stuff,1,TR,,25,"Would be a nice least on gear, albeit with a cruxy start",,
569,2023-05-28,Right Stuff,1,TR,,25,,,
568,2023-05-24,Roy Gap Chimney's,2,Lead,Onsight,220,"Followed P1 of Climbin' Punishment, then led P2 of Roy Gap Chimney's ",,
567,2023-05-24,Sunshine,1,TR,,100,Fell once about 10 feet off the deck and almost hit the ground from rope stretch! Got it clean next go. Would be a somewhat spicy lead,,
566,2023-05-24,Ecstasy Junior,1,Follow,,160,Followed P1 to throw a TR on Sunshine and The Burn,,
565,2023-05-23,Block Party,1,Lead,Onsight,40,,,
564,2023-05-23,Pollux,1,Lead,Fell/Hung,45,"Fell about 20 feet off the deck after my foot slipped :( Felt really good otherwise, I&#39;m sure I&#39;ll get the send the next time I&#39;m around!",,
563,2023-05-23,Castor,1,Lead,Redpoint,80,"Walked up it this time, feels really good!! Looks like I've really grown since September",,
562,2023-05-23,Madmen Only,1,Lead,Onsight,100,"Another sick, must-do Seneca 10a! So stoked to get the onsight ",,
561,2023-05-21,Fear of Flying,1,Lead,Onsight,90,Awesome climb! Thought provoking crux. Guidebook said it was a must do – guidebook was right,,
560,2023-05-21,Gebhardt-Dufty,5,Follow,,,"Followed Abby with Will. Quite an adventure of a climb!
Bootied one nut but lost another, ain't that just the way ",,
559,2023-05-20,Old Ladies Route,3,Lead,Onsight,,"Did the first three pitches of Old Ladies. Followed 1 and 2, led 3. Started dumping rain while setting up the rappel!",,
558,2023-05-20,Marshall's Madness - Crack of Dawn,2,Lead,Onsight,200,"So sick!!! My proudest onsight to date. The top anchors were kinda hard to find, they were higher than I thought they'd be. Just above the second roof way up high",,
557,2023-05-19,Old Ladies Route,1,Solo,,,"Did the first pitch, enjoyed the notch for a while, then beebopped down",,
556,2023-05-19,Old Man's Route,1,Solo,,,"Soloed most of the first pitch, got to a part I didn't think I'd feel comfortable down climbing, so I hung out a while then came down. A total zoo on the wall today",,
555,2023-05-18,Soler,1,Lead,Onsight,200,Onsighted P2 of Soler. So sick!!!,,
554,2023-05-18,Conn's East,1,Follow,,250,Followed first pitch to access P2 of Soler,,
553,2023-05-18,Ye Gods & Little Fishes,3,Lead,Onsight,85,Onsighted pitch 1. Followed the second two pitches of Skyline Traverse to gain Broadway ledge ,,
552,2023-05-13,The Daddy,3,Lead,Onsight,500,A classic for a reason! A total romp,,
551,2023-05-12,White Lightning,2,Lead,Onsight,200,"Pitch 1 is way harder than pitch 2, but the movement on pitch 2 was phenomenal!!",,
550,2023-05-11,Exploratory 5.5,2,Lead,Onsight,,"Did a couple scrappy, likely unclimbed pitches at chucky. Total garbage not worth repeating, but found a couple worthy lines to try later",,
549,2023-04-23,Quaker State,1,TR,,100,TR solo,,
548,2023-04-23,Raise Hell,1,Lead,Onsight,120,,,
547,2023-04-23,Nutsweat,1,Lead,Flash,110,,,
546,2023-04-23,Nevermore,1,Follow,,70,,,
545,2023-04-16,Head Jam,1,Follow,,110,,,
544,2023-04-16,Break On Through,2,Lead,Flash,200,"&#34;He always does this, he does a big throw and sticks it, then when I get up there, there are plenty of holds and I static it.&#34; - Abby",,
543,2023-04-09,Pilot Error (chicken bone right),1,TR,,90,"TR solo, another lap to end the day",,
542,2023-04-09,Skatin',1,TR,,30,"TR solo. Lots of falls trying to establish the pinch. Beta is hold on really hard, pull really hard on the slopey right side pull and get a high right foot",,
541,2023-04-09,Fat Boy,1,TR,,30,TR solo,,
540,2023-04-09,Thin to Win,1,TR,,80,TR solo,,
539,2023-04-09,Vegomatic,1,TR,,90,TR solo,,
538,2023-04-09,Chicken Bone,1,TR,,90,TR solo ,,
537,2023-04-09,Pilot Error (chicken bone right),1,TR,,90,"TR solo, still think it's better than chicken bone ",,
536,2023-04-06,Quaker State,1,TR,,100,,,
535,2023-04-06,Almost Seven (aka Golden Earring),1,Follow,,120,,,
534,2023-04-06,Air Show,2,Lead,Onsight,180,Way better than Zoo view!!,,
533,2023-03-16,Bedtime for Bonzo,2,Follow,,100,,,
532,2023-03-15,Scabies,1,Lead,Fell/Hung,40,Took some falls to let my belayer practice catching,,
531,2023-03-15,Brontosaurus,1,Lead,Fell/Hung,60,"Fell at the crux after fiddling with gear too long. Gear beta for next time: use all the finger sized pieces you want at the beginning, 4 at the base of the crack, then two 2s, a 3, two .75s, and a 1 at the end if I want to really sew it up before clipping the anchors ",,
530,2023-03-15,Environmental Impact,1,Lead,Onsight,130,,,
529,2023-03-14,Souders Crack,1,TR,,80,,,
528,2023-03-14,Mailbox,1,Lead,Onsight,80,Surprisingly in your face towards the end,,
527,2023-03-14,Yuk,1,TR,,70,"Fell my way up it, off width might not be my thing ehhh",,
526,2023-03-14,Autumn,1,Lead,Onsight,80,,,
525,2023-03-14,Rock Wars,1,Lead,Onsight,110,one of the best pitches I've climbed in my life!!!,,
524,2023-03-13,Super Best Friends,1,Lead,Fell/Hung,95,Made it a couple clips into the overhang before yeeting down,,
523,2023-03-13,Stay Off the Radio Jeff!,1,Lead,Onsight,50,,,
522,2023-03-13,The Bee's Business,1,Lead,Onsight,60,,,
521,2023-03-13,Air Ride Equipped,1,Lead,Onsight,65,,,
520,2023-03-11,Caver's Route,4,Lead,Onsight,200,"So fun!! A much more mellow, enjoyable version of Chamine Stop ",,
519,2023-02-26,Rainy Day Women,1,TR,,100,TR pitch 1. An amazing pitch -  great movement and tenuous slab climbing. Crux is in the first ~15ft. Probably not one to lead!,,
518,2023-02-26,Entrance Crack,1,Lead,Redpoint,90,,,
517,2023-02-26,Yardarm,3,Lead,Onsight,300,Led all three pitches. Stoked to get the onsight! Never. Again.,,
516,2023-02-19,Skin Toy,1,TR,,,"Skin Toy at Sauratown. 4 star pitch, would really like to go back for the lead, but the super high first bolt requires a stick clip. ",,
515,2023-02-19,Green Arrow,1,Lead,Onsight,,Green Arrow at Sauratown.,,
514,2023-02-19,DC Comics,1,Lead,Onsight,,"DC Comics at Sauratown. Incredible pitch, 4 stars for sure",,
513,2023-02-18,Deadbeat Dad,1,Lead,Fell/Hung,,"Deadbeat Dad Club at Sauratown. Took a huge, cartwheeling whip on a .3 just above the ledge. Get a good .5 just above the lip to protect those moves a little better",,
512,2023-02-18,Pilot's License,1,Lead,Onsight,,Pilots License at Sauratown,,
511,2023-02-18,Kish Dish,1,Lead,Redpoint,,Kish Dish at Sauratown,,
510,2023-02-18,I'll Be Danned,1,Lead,Onsight,,"I&#39;ll Be Danned at Sauratown. A ton of fun, loved the movement through the second roof!",,
509,2023-02-18,5.7 Corner,1,Lead,Onsight,,5.7 Corner at Sauratown,,
508,2023-02-05,Novi,1,Lead,Redpoint,90,,,
507,2023-02-05,Anchors Away,1,Lead,Fell/Hung,73,"Fell several times at the last bolt. Beta: get the shitty crimp on the arete with the left hand, get the shitty orange crimp with the right hand, dead point to the good hold with the right hand. Bring a .75 and 1 for the runout between 5th and 6th bolt ",,
506,2023-02-05,Unknown,1,TR,,30,Saw a plane do a barrel roll right off the cliff line while setting up the top rope,,
505,2023-02-05,Devil in the White House,1,Lead,Redpoint,60,,,
504,2023-01-28,The Pulpit,5,Lead,Onsight,800,"Awesome climb! Some long run-outs here and there, but always pro where you need it. Crossing the water groove to the oasis was a bit spicy, but it went",,
503,2023-01-16,Left Of Time,1,Lead,Redpoint,40,,,
502,2023-01-16,Hardman,1,TR,,,Clean TR,,
501,2023-01-16,Bullistics,1,Lead,Redpoint,40,,,
500,2023-01-16,Hidden-mite short,1,Follow,,45,,,
499,2023-01-15,Mr. Henar,1,Lead,Fell/Hung,70,Made it to the anchors this time! Still just as janky as my first go today though,,
498,2023-01-15,Mr. Henar,1,Lead,Fell/Hung,70,"Got it clean up to the second perma. The left hand crimp was super wet, but I did the move. Got up to the face above the third perma, then got stumped at the face. Next time!",,
497,2023-01-15,Any Major Dude,1,Lead,Redpoint,30,Finally got it!,,
496,2023-01-15,When Shrimp Learn to Whistle,1,Lead,Fell/Hung,60,Another fall at the crux. Found the key foot jib on the arete just above the lame slopey foot. Hard to see with the arete in the way,,
495,2023-01-15,When Shrimp Learn to Whistle,2,Lead,Fell/Hung,60,"Fell once at the crux, it's hella tricky!",,
494,2023-01-03,The 8th Sin,2,Lead,Fell/Hung,,"Two burns on this. The whole place was sopping wet, so we were only able to slap the 4th bolt, but we had a ton of fun doing it!",,
493,2023-01-02,Unwritten Law,1,Lead,Fell/Hung,45,"Fell at the 4th bolt dead point, then got it. Fell a bunch of times at the crux dyno but couldn't stick it. Lost a bunch of skin from my right hand slipping off it!",,
492,2023-01-02,Boyz N Berries,1,Lead,Flash,,Very fun. A few spooky moves where it's all in the rubber keeping you up,,
491,2023-01-02,Voodoo Child,1,Lead,Redpoint,,Climbed it again bc Paul showed up. I climbed so much more smoothly with him watching!,,
490,2023-01-02,Voodoo Child,1,Lead,Redpoint,,Fell before the first bolt. Repointed on the second try!,,
489,2022-12-30,Deceivious,1,TR,,70,"TR burn to practice beta, one take. ",,
488,2022-12-30,Deceivious,1,Lead,Fell/Hung,70,"Took several times, it gets pretty pumpy! An awesome route, new project probably",,
487,2022-12-30,Grace Under Pressure,1,Lead,Onsight,80,,,
486,2022-12-27,NE end flows,1,TR,,40,"Clean. First line, furthest left. Went on the left side of the flow for fun, which made it a bit tougher",,
485,2022-12-27,NE end flows,1,TR,,40,Clean. First one again,,
484,2022-12-27,NE end flows,1,TR,,40,"Clean, second line, one on the right",,
483,2022-12-27,NE end flows,1,TR,,40,"Clean - First line, furthest left. This one was way bigger than the pictures from 2014 and quite vertical. Made it closer to WI4",,
482,2022-12-27,Daughton Line,1,TR,,,"Clean - Daughton, NC",,
481,2022-12-27,Daughton Line,1,TR,,,"1 fall high - Daughton, NC",,
480,2022-12-27,Daughton Line,1,TR,,,"1 fall low - Daughton, NC",,
479,2022-12-19,The Dish,1,Lead,Onsight,,LRS w/ Revo,,
478,2022-12-19,Ooga Chocka,1,Lead,Onsight,70,"LRS w/ Revo. Didn't end up using many jams, but a good time nonetheless!",,
477,2022-12-19,Electra,2,TR,,50,"2x TR solo pitches, definitely a pump-fest!",,
476,2022-12-19,Caterpillar,2,Lead,Onsight,80,LRS w/ Revo. One extra TR solo pitch to clean,,
475,2022-12-12,Left Of Time,1,Lead,Onsight,40,"Nice romp, lots of fun jams",,
474,2022-12-12,The Twins Right,1,Lead,Onsight,,,,
473,2022-12-12,Hardman,1,Lead,Redpoint,,Got it after remembering my beta!,,
472,2022-12-12,Hardman,1,Lead,Fell/Hung,,One fall at the first crux,,
471,2022-12-12,Mr. Aidman's Free,1,Lead,Fell/Hung,,"One fall at the crux, slapped for the sloper out right. Had a fun time doing it, though!",,
470,2022-12-12,Black Hole,1,Lead,Redpoint,50,,,
469,2022-12-12,Crimps and Slopers,1,Lead,Onsight,50,"Tricky onsight, a ton of fun!",,
468,2022-12-12,Flight Time,1,Lead,Redpoint,,,,
467,2022-12-09,Lust in a Cheap Motel,1,TR,,,"Lust in a Cheap Motel at s-town. Very wet patch due to the rain so we put up a TR. Pretty fun route, would be a very good lead in better conditions :)",,
466,2022-12-09,Barbs World,1,Lead,Redpoint,,"Barbs World / Leisure Time at s-town. Another send just for fun, since everything else was wet",,
465,2022-12-09,Barbs World,1,Lead,Onsight,,"Barbs World / Leisure Time at s-town. Super fun route, loved it! Very crimpy, techy face climbing",,
464,2022-12-09,Kish Dish,1,Lead,Redpoint,,"Kish Dish at s-town. A little damp, but do-able!",,
463,2022-12-05,Quickdraw,1,Lead,Redpoint,,"Loved it, such fun movement!!",,
462,2022-12-05,Sunny Day,1,Lead,Redpoint,50,Lead to clean,,
461,2022-12-05,Sunny Day,1,Lead,Redpoint,50,LRS to put up a top rope for the siblings,,
460,2022-11-13,Hardman,1,Lead,Fell/Hung,,,,
459,2022-11-13,Double Roof Ballet,1,Lead,Fell/Hung,,,,
458,2022-11-13,Quickdraw,1,Lead,Fell/Hung,,,,
457,2022-11-13,Blast in Black,1,Lead,Redpoint,50,,,
456,2022-11-12,Boardwalk,2,Lead,Onsight,130,"Led P1, followed Abby on P2",,
455,2022-11-12,Anguish of Captain Bligh,1,Lead,Redpoint,50,First .11 on gear! Sick lead on bomber pro!,,
454,2022-11-12,Anguish of Captain Bligh,1,TR,,50,"clean, checked out gear",,
453,2022-11-12,Harpoon,1,Lead,Onsight,50,,,
452,2022-10-29,The Great Arch,3,Lead,Redpoint,400,Spooky climb again. Climbed past a cute little tree frog on pitch 3,,
451,2022-10-29,Block Route,1,Lead,Redpoint,150,"Spooky climb! Love the friction, what a fun climb",,
450,2022-10-23,Pillar Assault,1,Lead,Redpoint,80,,,
449,2022-10-23,Pillar Assault,1,Lead,Redpoint,80,,,
448,2022-10-23,Scarface,1,TR,,40,,,
447,2022-10-23,Overhang Hangover,1,Lead,Redpoint,60,Whooo!!!,,
446,2022-10-23,Pee Break,1,TR,,50,,,
445,2022-10-23,Grandpa's Belay,1,TR,,50,,,
444,2022-10-22,Burning Calves,1,Lead,Redpoint,70,"SO stoked, amazing line",,
443,2022-10-22,Out of Mind,1,Follow,,70,Followed Abby,,
442,2022-10-22,Rod Serling Crack,1,Lead,Onsight,75,Totally epic!!,,
441,2022-10-22,"Quick Robin, to the Batcrack!",1,Lead,Onsight,80,,,
440,2022-10-22,Happy Hands,1,Follow,,70,Followed Abby. Love the jams!!,,
439,2022-10-21,Baby Has a Bolt Gun,1,Lead,Onsight,80,Dynoed at the second bolt to skip the tiny crimps. shit tons of fun! Almost fell at the thin cruxy section but managed to pull through ,,
438,2022-10-21,Hippie Dreams,1,Lead,Redpoint,75,"Taught Sophia to lead belay, made for a bit of spice!",,
437,2022-10-20,Narcissus,1,Lead,Fell/Hung,55,"Fell at the third bolt, then pretty much climbed bolt to bolt to the top",,
436,2022-10-20,The Rico Suave Arete aka Rico Suave,1,Lead,Redpoint,70,One more lead to clean,,
435,2022-10-20,Sand in My Crack (Cuddle Monkey),1,Lead,Onsight,50,,,
434,2022-10-20,Second Thoughts,1,Lead,Onsight,50,,,
433,2022-10-20,The Rico Suave Arete aka Rico Suave,1,Lead,Onsight,70,Sick,,
432,2022-10-20,Yowsah,1,Lead,Fell/Hung,60,"Fell just after attempting to clip the fifth bolt, then just shooting for as far as I could get",,
431,2022-10-20,Yowsah,1,Lead,Fell/Hung,60,Fell at the fourth bolt. Super fun!!,,
430,2022-10-08,Born to Crimp,1,Lead,Flash,50,,,
429,2022-10-08,Turkey Shoot,1,Lead,Flash,50,"Slopey, insecure moves often on run-outs, but it's all there!",,
428,2022-10-08,True Grits,1,Lead,Redpoint,80,,,
427,2022-10-08,Casablanca,1,Lead,Redpoint,40,,,
426,2022-10-08,Fat Boy,1,Lead,Flash,30,seriously fun!,,
425,2022-10-08,Devil in the White House,1,Lead,Redpoint,60,Fun fun fun! Climbed this the smoothest I ever have this time ,,
424,2022-10-08,Overhang Hangover,1,Lead,Fell/Hung,60,"Crux beta: right hand on the shitty crimp, left hand way out left to the other shitty crimp, right hand to the okay one(leave room for the left), match with the left, dead point for the juggy corner. home free!",,
423,2022-10-08,Too Old to Rock and Roll,1,Lead,Redpoint,,"Cruised the crux, felt really good",,
422,2022-09-26,Hopscotch,2,Lead,Onsight,140,"Led a long P1, soloed the second pitch while Abby was making her anchor. Climbed barefoot for fun",,
421,2022-09-26,Wailing Wall,2,Follow,,120,"followed Abby, did two pitches for communication",,
420,2022-09-26,Zoo View,1,Lead,Redpoint,220,"Took the low traverse option, high is definitely better",,
419,2022-09-26,Sentinel Buttress,3,Follow,,200,Followed Abby. she ran low on gear on pitch 2 so I led a final pitch of just about 15 feet or so,,
418,2022-09-25,Butterfingers,1,Lead,Redpoint,60,"Burly climb to begin with, then thin face moves. Good stuff!",,
417,2022-09-25,Hidden in Plain Sight,1,Lead,Fell/Hung,80,"Fell trying to clip the second clip through the crux. Beta for next time: climb up through slopers to the right hand next to the side pull. Left heelhook to get the left hand to the good side pull, smear the left foot to lock off those two holds and shoot the right hand to the jug",,
416,2022-09-25,Orange Peel,1,Lead,Onsight,40,"Found a foot far to the left under the first roof that makes the pull feel super casual; uses only face holds, not the little side pull arete at all",,
415,2022-09-25,Pillar Assault,1,Lead,Onsight,80,Bootied a draw from the third clip!,,
414,2022-09-25,Venus Scribner,1,Lead,Onsight,50,"used the crack out left at the end, but next time I want to do the 11a variation directly up the face using the small right hand lock off crimp",,
413,2022-09-25,Casablanca,1,Lead,Onsight,40,,,
412,2022-09-25,Too Old to Rock and Roll,1,Lead,Onsight,,"Thin, spooky moves up high just below the anchor. Heartbreaker crux for sure!",,
411,2022-09-25,Buzzard's Breath,1,Lead,Onsight,,"Did the 10a variation, nice route! very dirty for the first ~20 feet",,
410,2022-09-04,High Test,3,Lead,Flash,120,"Kinda intense lead! Skipped the sickle ledge belay and regretted it, made a belay below the roof with somewhat questionable rock. Pumpy climbing, thought I was going to fall a few moves above the roof but pulled through to a stance to shake out! SO stoked to have sent this, it was right at my limit.
Abby led a short extra pitch to the south summit",,
409,2022-09-04,Skyline Traverse,3,Follow,,,Followed Abby on her first trad lead,,
408,2022-09-03,Banana,1,Lead,Onsight,30,"Can confirm, it's loose as fuck and no fall territory for the last third or so. Placed a nut up high and literally felt the flake flex when I yanked to set it, so it was more of a mental piece. ",,
407,2022-09-03,Castor,1,Lead,Fell/Hung,80,"Flamed out and had to take where the crack widens about half way up. The opening moves were burly and unprotected, but a bomber .2 Z4/X4 can be found from a left hand pinch a couple moves off the deck.",,
406,2022-09-03,Debbie,1,Lead,Onsight,30,"Thought this was a fun lead! Got a bomber #1 BD right before the crux, which seems to be discriminatory against shorter climbers. ",,
405,2022-09-03,Pleasant Overhangs,3,Lead,Onsight,290,"SO sick!! Pitch 2 is an absolute romp, the exposure is wild but most holds are jugs. The gear could be a bit tricky, but it&#39;s there if you look for it",,
404,2022-08-03,Jammerfest,1,Lead,Fell/Hung,,"Jammerfest again. Got the roof clean fairly easily, but the offwidth above was swampy as hell, some key holds were dripping wet. Topped out, but didn&#39;t get the send",,
403,2022-08-02,Englevinger,3,Lead,Onsight,,"Englevinger on Svolvaergata/The Goat. I led pitches 1 and 3, Hannes led pitch 2. Incredible!! Wild corner on pitch 2, awesome, pumpy crack to finish up pitch 3. Hannes did the jump",,
402,2022-07-31,Bare Blabaer,4,Lead,Onsight,550,"Janet led the first two pitches of BB, then we switched to Tiras Mirith for two pitches for an extra challenge, then finished on P4 of BB. An awesome combo, and P4 of BB is fantastic",,
401,2022-07-31,Jammerfest,1,Lead,Fell/Hung,,"Jammerfest near Djupfjorden. Fell while working the crux roof pull on decent jams, but got it after a quick rest. So fun!!",,
400,2022-07-31,There Is To Do,1,Lead,Onsight,,There Is To Do in Djupfjorden. Insanity. The start was bouldery as hell and more of an N7 than an N6- (so more like 5.11 or so) and very sketchy with little pro. ,,
399,2022-07-30,Gandalf,6,Lead,Redpoint,330,"LRS w/ Revo. Felt like getting in some more mileage, climbed with Fin and Freke hot on my tail",,
398,2022-07-30,Tromso ekspressen,4,Lead,Onsight,320,LRS w/ Revo. Spooky foot slip on pitch 1 but didn't fall! Linked pitches 2 and 3,,
397,2022-07-28,The Boys First Journey at Sea,2,Lead,Onsight,,"Førstereisgutten (The Boy&#39;s First Journey At Sea) at Gandalf wall. Techy, cruxy first pitch that Hannes led. I linked pitches 2 and 3. The chimney on pitch 2 was a swamp; made for some interesting climbing!",,
396,2022-07-28,Gamle rev,2,Lead,Onsight,320,"Swung leads with Hannes, I took the first",,
395,2022-07-28,Guns N' Roses,3,Lead,Onsight,,"Guns N&#39; Roses at Gandalf Wall. Took the Krympefesten option for pitch 1, that was the right move; it was a blast!!",,
394,2022-07-25,Gollum,6,Lead,Onsight,330,"LRS with Revo. Fantastic jams for three whole pitches!! Rope kept getting caught in cracks, had to make my pitch 2 belay way early because of a snarl caught in a crack. Started at 10pm, took 3 hours. ",,
393,2022-07-24,Vestpillaren Direct,12,Lead,Onsight,1300,"Led evens until P9 (slanting corner; what an incredible pitch!!), where I started leading odds instead. 
Partner wasn't feeling so hot, had the runs. Thanks, water bottle!",,
392,2022-07-23,Gandalf,3,Lead,Onsight,330,Led all three pitches with Magnus,,
391,2022-07-19,Standard Route,1,Solo,,,"Soloed to the summit, got a talking to from one of the employees and roped up with a Danish father and son pair for the descent ",,
390,2022-07-02,Oye for Oye,1,,,,"Øye for øye at Natten, near Gol. A pure romp, super fun!",,
389,2022-07-02,Jimi Embrik,1,TR,,,"Jimi Embrik at Natten, near Gol. Clean TR",,
388,2022-07-02,Skyggediederet,1,Lead,Onsight,,"Skyggediederet at Natten, near Gol. Tricky gear and moves above the roof! ",,
387,2022-07-02,Solstikk,2,Lead,Onsight,," Solstikk at Natten, near Gol. Second pitch on TR to clean",,
386,2022-06-30,Bakom Synger Skogene,1,Lead,Onsight,,"Bakom Synger Skogene at Natten, near Gol. An absolute romp, fun but short hand/finger crack at the top",,
385,2022-06-30,Hoppalong,1,Lead,Onsight,,"Hoppalong at Natten, near Gol. Fun, forced side pull crux!",,
384,2022-06-30,Litten Oppdrift,1,Lead,Fell/Hung,,"Litten Oppdrift at Natten, near Gol. Fell when I mussed up the crux beta. Maybe I&#39;ll get it another day!",,
383,2022-06-30,Litten Oppdrift,1,Lead,Fell/Hung,,"Litten Oppdrift at Natten, near Gol. Fell sussing out the crux beta",,
382,2022-06-29,Hallingmarsjen,1,Lead,Onsight,,"Hallingmarsjen, Norway grade 5+, near Nesbyen.  Bootied a locker part way up, felt tougher than 5+ at the crux, but maybe I was missing some holds. Somewhat committing, it can be rapped with a 60 in two raps, but it&#39;s traversing and about 35-40 meters in length, so there&#39;s no backing off for the second. This crag is the most jankey crag I&#39;ve ever been to; you have to do super wacky, exposed shit to even get to the base of some climbs!
http://heihaaklatring.blogspot.com/2019/09/tyribakken-nesbyen.html?m=1",,
381,2022-06-29,Helgepraten,1,Lead,Onsight,,"Helgepraten, Norway grade 6, near Nesbyen. Bootied two whole quick draws, one from the route next door!",,
380,2022-06-07,Fissura Hulk,1,TR,,,"Fissura Hulk at Fendas de Barrinha. Just followed the finger crack, set up a rap from the first bolt on the line",,
379,2022-06-07,Thanos,1,Lead,Onsight,,"Thanos at Fendas de Barrinha. Punchy, didn&#39;t have quite enough wide gear so had to run it out a bit here and there ",,
378,2022-06-07,Despacito,2,Lead,Onsight,40,Despacito at Fendas de Barrinha. Led first. LRS once more to show Liam and Phillipe how it works,,
377,2022-06-06,Chamine Stop,8,Lead,Onsight,750,"Led all but first pitch. Dirty, scrappy, runout, and included the single worst pitch I&#39;ve ever climbed in my life that was more like vertical caving with 50lbs of rope drag than actual climbing. French freed the move just before the tunnel section bc the rock was coated in dust/mud. 
Not something I would call a classic (far from it), but if chimneys and adventure climbing are your cup of tea get on it!",,
376,2022-06-05,Via dos Italianos,18,Lead,Onsight,700,"LRS. Shamelessly French freed most follow pitches and the last one on lead, which was pretty wet from rain yesterday. Topped out in the sunset! ",,
375,2022-06-02,K2,4,Lead,Onsight,500,"Linked pitch 2 and 3 together, then split pitch 4 into two. Led pitches 1,2, 3, and the second part of pitch 4.  Followed the first part of pitch 4, my partner wanted to lead the corner traverse. Super fun!! We were in the clouds the whole time",,
374,2022-06-01,Diedro Pegasus,4,Lead,Onsight,,"Diedro Pégaso - Babilônia. Onsighted 1st pitch on gear, then followed bc Liam also wanted to lead it. Onsighted P2 mixed gear and bolts, followed P3",,
373,2022-05-30,Bom Dia Africa,1,TR,,,"Bom Dia África (Platô de Lagoa) - VIIIa (5.12a).  Liam dragged my happy ass and my destroyed fingers up it, a good time though!",,
372,2022-05-30,Crystal Cannibal,1,Lead,Onsight,,Crystal Cannibal (Platô de Lagoa) - Vsup (5.9+),,
371,2022-05-29,Mico Mija,1,Lead,Redpoint,30,"Razor sharp crimps, yeow. One fall before the first bolt on the onsight go, then got it ",,
370,2022-05-29,Inversão Feminina,1,Lead,Onsight,45,,,
369,2022-05-29,Formiga Atômica,1,Lead,Onsight,45,,,
368,2022-05-29,Graalzinho,1,Lead,Onsight,45,,,
367,2022-05-29,Vilma Arnaud,2,Lead,Onsight,,Vilma Arnaud (Babilônia) - P1: IIIsup follow. P2: IV lead,,
366,2022-05-29,Mauricio Mota,1,Lead,Onsight,,"Maurício Mota at Babilônia. LRS, went to P2 anchors of route to the left to rap down to make it to lunch  ",,
365,2022-05-27,Loki,1,TR,,,"TRS. Loki at Setor do Totem.
6 Brasileña. 
One fall low after lunging for a falsely suspected jug",,
364,2022-05-27,R2D2,1,Lead,Onsight,40,LRS. Gave me a run for my money!,,
363,2022-05-27,ResPira,2,Lead,Onsight,65,LRS. Second lap on TRS to clean after letting the fam give it a shot,,
362,2022-05-27,Mata Burro,1,Lead,Onsight,40,LRS,,
361,2022-04-15,Butterfingers,1,TR,,,TR new route at Pilot to sus out bolt placement,,
360,2022-04-15,Aerophobia,1,Lead,Onsight,90,So fun!,,
359,2022-04-15,Devil in the White House,1,Lead,Redpoint,60,,,
358,2022-04-15,Walk the Plank,1,Lead,Redpoint,60,,,
357,2022-04-15,Man Overboard,1,Lead,Redpoint,70,Finally got the red point!! A .3 and a black tricam make pulling the crux feel casual ,,
356,2022-04-15,Over Booked,1,Lead,Onsight,40,,,
355,2022-04-15,Novi,1,Lead,Onsight,90,,,
354,2022-04-15,True Grits,1,Lead,Flash,80,,,
353,2022-04-09,Pontius Pilot,1,Lead,Onsight,75,,,
352,2022-04-09,Hurly-Burly,1,Lead,Onsight,80,Ankle breaker at second bolt above the ledge. RIP Katie's ankle ,,
351,2022-04-09,Wrestling with the Textonic,1,Lead,Onsight,65,,,
350,2022-04-09,Play It Again,1,Lead,Onsight,40,Used only passive pro for fun,,
349,2022-04-09,Skull & Bones,1,Lead,Onsight,85,,,
348,2022-04-09,Walk the Plank,1,Lead,Flash,60,,,
347,2022-03-14,New Yosemite,1,Lead,Fell/Hung,65,"Fell at the crux :( felt really good before that, feel a lot more confident with my jams now ",,
346,2022-02-20,Ramp Arete,1,Lead,Onsight,75,"Wide way or the highway was wet so we climbed this one. A ton of fun!
Dragged a group of six up this and 5.9 offwidth by making a rope circle",,
345,2022-02-20,5.9 Offwidth,1,Lead,Onsight,50,,,
344,2022-02-20,Flakey,1,Lead,Onsight,80,,,
343,2022-02-20,S Crack,1,Lead,Onsight,80,,,
342,2022-02-05,Shock the Monkey,1,Lead,Fell/Hung,,"Shock The Monkey, S-town. Got the technical crux clean, but pumped out on the overhang above. Gotta get that endurance game up",,
341,2022-02-05,Old Man's Sport Route,1,Lead,Onsight,,"Old Man&#39;s Sugar Daddy, S-town",,
340,2022-02-05,Whiskey Sour,1,Follow,,,"Whiskey Sour, S-town. Followed Kek, who did it right and went through the roof. Her first trad lead!",,
339,2022-02-05,Whiskey Sour,1,Lead,Onsight,,Whiskey Sour at S-town. Went right under the roof when I should have gone left through it,,
338,2022-01-23,True Grits,1,TR,,80,TR to assess if it would be a good idea to bolt,,
337,2022-01-23,Walk the Plank,1,TR,,60,TR to sus out bolt placement,,
336,2022-01-15,Another Alternative,5,Lead,Flash,580,"Followed P1, onsighted P2 through P5 on lead. The spice is real! Found a red tricam passive placement about 8 feet below the top of P4",,
335,2022-01-06,To Tee or Not To Tee,1,TR,,60,TRS,,
334,2022-01-06,To Tee or Not To Tee,1,Lead,Fell/Hung,60,LRS. Took a practice fall halfway up,,
333,2021-10-11,Bernalina,5,Lead,Onsight,500,"Led odds, linked P1 with P2 and P6 with P7 as described in the comments",,
332,2021-09-22,That Eight (aka Kennel Club),1,Lead,Onsight,60,,,
331,2021-09-22,Climbing Merit Badge,1,Lead,Redpoint,35,,,
330,2021-08-27,Northeast Buttress,1,,,2800,"Glacier is out, had to turn back at it's base",,
329,2021-08-18,Junior's Farm,8,Lead,Onsight,,"Swung leads, led odds. P6 is definitely super fun!!!",,
328,2021-07-11,The Great Arch,6,Lead,Redpoint,400,"LRS w/ revo. P2 was 80% sopping wet, made for a bit of spice",,
327,2021-07-11,Another Alternative,2,Lead,Onsight,580,LRS P1 w/ revo,,
326,2021-07-05,Groover (Gaskin Finish),1,Lead,Onsight,900,"Led P1 clean, bailed due to lack of water. Next time!",,
325,2021-06-06,Unknown 5.9,1,Lead,Flash,,"Hartman&#39;s. Not sure route name. Rob led first, I pink pointed it",,
324,2021-06-05,The Maiden Voyage aka The Red Dihedral,5,Lead,Onsight,,Used up literally all my gear on P4. Followed summit pitch ,,
323,2021-06-05,King Me,3,Lead,Onsight,325,Led all three pitches,,
322,2021-06-04,Dunn's Dihedral,1,Follow,,170,"Followed P1, left from the anchors due to time",,
321,2021-06-03,Buddha's Belly,1,Lead,Onsight,40,Tricky to figure out where to pull the roof,,
320,2021-06-03,The Worm Hole,1,Lead,Onsight,50,Runout? I placed 7 pieces,,
319,2021-06-03,Rising Expectations,1,TR,,55,Clean TR. Really good clipping stances for each bolt. Probably should have raised my expectations and tried for a lead,,
318,2021-06-02,Shovel Head,1,Follow,,70,"Clean follow, night climb",,
317,2021-06-02,Poker in the Rear,1,Lead,Onsight,90,"Took smaller crack a few feet to the left at the start, definitely harder than the normal one",,
316,2021-06-02,"13 Bolt (Ride Hard, Die Free)",1,Lead,Onsight,130,"Super fun, fairly sustained",,
315,2021-05-30,South Face,3,Lead,Onsight,,Took a lesser traveled crack on P1 level w/ petroglyph. Had the place to ourselves!,,
314,2021-05-29,North Ridge,4,Lead,Onsight,250,"Pitches blended together because it's so wacky. followed P1, and P4, ""led"" P3. Entire party accidentally soloed P2 because it's so mellow",,
313,2021-05-28,Terma,3,Lead,Onsight,330,"Led P1 & P3, only had 7 draws but it was fine",,
312,2021-05-27,Standard (West Fins),1,Solo,,1100,Super fun!,,
311,2021-05-26,"Regular Route (""East Rib"")",3,Lead,Onsight,400,"Swung leads, followed P2 and P3 that were linked",,
310,2021-05-25,Mountaineers Route,2,Solo,,250,"Pulled on fixed ropes, all in good condition",,
309,2021-05-09,Sentinel Buttress,2,Lead,Redpoint,200,,,
308,2021-05-09,Almost Seven (aka Golden Earring),1,Lead,Flash,120,,,
307,2021-05-09,Wailing Wall,1,Lead,Onsight,120,,,
306,2021-05-08,Any Major Dude,1,TR,,30,Clean. Extra practice I guess,,
305,2021-05-08,Any Major Dude,1,TR,,30,Clean. I think I found the low beta!,,
304,2021-05-08,Outhouse,1,TR,,50,,,
303,2021-05-08,Duracell,1,Lead,Fell/Hung,60,Took a fall for Kek to practice lead belaying ,,
302,2021-05-08,Dude on the Corner,1,Lead,Onsight,50,,,
301,2021-05-08,Howdy Dude,1,Lead,Onsight,60,Fun lead!,,
300,2021-04-15,Super Pinch,1,Lead,Fell/Hung,50,Pumped out and whipped from the 3rd bolt. Whee!,,
299,2021-04-15,Sunny the Boxer,1,Lead,Flash,85,,,
298,2021-04-15,Norway On My Mind,1,Lead,Onsight,45,,,
297,2021-04-13,Get Outta My Way,1,Solo,,40,,,
296,2021-04-13,Bedtime for Bonzo,4,Lead,Onsight,100,LRS revo & mtrax. So fun!,,
295,2021-04-12,Gettin' Lucky in Kentucky,1,TR,,60,"TR solo. Should lead on sport later, would be fun",,
294,2021-04-12,Plate Tectonics,1,Lead,Fell/Hung,70,LRS w/ revo & mtrax. Took a short fall at the 5th bolt due to pump and fuck it,,
293,2021-04-12,"59"" DrillBitch",1,Lead,Onsight,45,LRS w/ revo & mtrax. Took some practice whips from the anchors,,
292,2021-04-03,Left Wishbone (Rock Scramble),1,Solo,,2200,So worked,,
291,2021-04-02,737 Max,1,Lead,Fell/Hung,40,"LRS w/ gg1 and trax cache loop, took a test fall",,
290,2021-04-02,Any Major Dude,1,Lead,Fell/Hung,30,Need to dial the face under the roof for the send,,
289,2021-04-02,Psycho-metric,1,Lead,Pinkpoint,70,Just gun it,,
288,2021-04-02,Psycho-metric,1,Lead,Fell/Hung,70,Crux sidepull is wacky,,
287,2021-04-02,Devil in the White House,1,Lead,Redpoint,60,,,
286,2021-03-20,The Nose,5,Lead,Onsight,400,"Swung leads, led 1 and 3. Probably better when you can feel your fingers and toes",,
285,2021-03-14,Lucy in the Sky with Diamonds,1,Lead,Onsight,80,Shook like a leaf in the wind but sent anyway. Got a decent .2 X4 in before the first bolt,,
284,2021-03-14,Edges to Ledges,1,Lead,Onsight,210,"Only used passive pro, eats up tricams. Didn&#39;t trend right far enough and ended up topping out just left of New Standards",,
283,2021-02-20,No Alternative,3,Lead,Onsight,400,"Swung leads, only led P2",,
282,2021-02-20,Block Route,1,Lead,Onsight,150,The block move is exciting!,,
281,2021-02-09,Ohio Climbing,1,Lead,Onsight,50,LRS ,,
280,2021-02-09,Glory and Consequence,1,Lead,Onsight,50,First LRS. Used grigri 1. Try using cache loop w/ micro trax next time,,
279,2021-02-06,Climbing Merit Badge,1,TR,,35,tr solo clean,,
278,2021-02-06,Misty,1,TR,,90,tr solo clean,,
277,2021-02-06,Neckerchief? Traverse,1,TR,,35,tr solo clean,,
276,2021-02-06,Neckerchief?,1,TR,,35,TR solo clean,,
275,2021-02-04,Laurel Springs WI4,1,TR,,,TR solo at night. First ice climb! Laurel Springs just off parkway,,
274,2021-01-16,The Black Hole,1,Lead,Redpoint,50,,,
273,2021-01-16,Thin to Win,1,TR,,80,"TR to last bolt, lead to anchors, clean",,
272,2021-01-16,Erocktica,1,Lead,Fell/Hung,50,"Fell just above crux bolt, didn't move far enough right",,
271,2021-01-16,Any Major Dude,1,TR,,30,"TR to 4th bolt, lead to anchors. fell at 3rd and rested at 4th. Sick deadpoint through the crux",,
270,2021-01-16,Any Major Dude,1,Lead,Fell/Hung,30,"Pumped out at 3rd bolt, fell at 4th trying crux",,
269,2021-01-16,Ironman,1,Lead,Redpoint,,,,
268,2020-12-19,Cave Route,3,Lead,Onsight,180,"followed P1, led P2, followed P3",,
267,2020-12-19,Crackerjack,2,Lead,Redpoint,200,,,
266,2020-12-12,The Great Arch,3,Follow,,400,Followed Walker w/ Phil,,
265,2020-12-12,U Slot,1,Lead,Redpoint,140,,,
264,2020-12-06,The Prow,3,Lead,Onsight,500,"Simuled first pitch, followed second, led third",,
263,2020-11-28,New Yosemite,1,TR,,65,"Ran up it, felt easy",,
262,2020-11-28,New Yosemite,1,Lead,Redpoint,65,,,
261,2020-11-28,Cave Routes  1 and  2,1,Follow,,70,,,
260,2020-11-28,Team Jesus,1,TR,,65,TR solo. Send,,
259,2020-11-28,New River Gunks,1,TR,,80,,,
258,2020-11-27,Jeff's Bunny Hop,1,Lead,Onsight,60,"Definitely would want to stick clip next time, beginning moves are real thin",,
257,2020-11-27,Sniff the Drill,1,TR,,45,,,
256,2020-11-27,"She Got the Bosch, I Got Drilled",1,Lead,Pinkpoint,90,,,
255,2020-11-27,Orange Express,1,Lead,Onsight,75,,,
254,2020-11-27,Orange Oswald,1,Lead,Onsight,70,,,
253,2020-11-27,Chunko Goes Bowling,1,Lead,Pinkpoint,80,,,
252,2020-11-22,Frosted Flake,1,Lead,Redpoint,80,,,
251,2020-11-22,Granola,1,Follow,,70,,,
250,2020-11-22,Fruit Loops,2,Follow,,160,,,
249,2020-11-15,East Of Eden,1,Send,,12,No pad piddling,,
248,2020-11-15,Magnetic North,1,Send,,,No pad piddling,,
247,2020-11-15,Peace of Westphalia (PoW),1,Send,,14,No pad piddling,,
246,2020-11-15,Windy Heights,1,Send,,12,No pad piddling,,
245,2020-11-15,Highland Highball,1,Attempt,,20,"No pad or chalk, backed down halfway up due to slick holds",,
244,2020-11-15,Slabacious,1,Send,,,No pad piddling,,
243,2020-10-31,The Great Arch,3,Lead,Redpoint,400,"Spoopy climb. 3 pieces first two pitches, 1 piece last pitch",,
242,2020-10-31,Entrance Crack,1,Lead,Onsight,90,Spoopy climb ,,
241,2020-10-24,Trundlerama,1,Lead,Fell/Hung,80,"Blew a foot at 3rd bolt, pumped out at 8th. Fun movement up high, but very dirty holds the entire first half",,
240,2020-10-24,Huecool Junior,1,Lead,Redpoint,,,,
239,2020-10-24,Huecool Junior,1,Lead,Fell/Hung,,"Fell just below the anchors, wacky sequence",,
238,2020-10-24,Dutch Boy,1,Lead,Onsight,50,,,
237,2020-10-24,Rover B. Dog,1,Lead,Onsight,50,,,
236,2020-10-22,Incredarete,1,Flash,,,,,
235,2020-10-22,Two Can Sam,1,Send,,,,,
234,2020-10-22,Needless Things,1,Flash,,11,,,
233,2020-10-22,Fire Crack Flake,1,Flash,,12,,,
232,2020-10-22,Dice,1,Send,,8,,,
231,2020-10-22,Costume Rings,1,Flash,,12,,,
230,2020-10-18,Southwest Buttress Variation,1,Lead,Onsight,60,"Meant to do Ecstasy, ended up here!",,
229,2020-10-18,Skyline Traverse,3,Follow,,,Followed Walker clean,,
228,2020-10-17,The Burn,1,Lead,Onsight,150,Way more than I had bargained for,,
227,2020-10-17,Gunsight to South Peak,2,Follow,,150,Followed Kelly clean,,
226,2020-10-17,Skyline Traverse,3,Lead,Onsight,,,,
225,2020-10-05,The Medallion,1,Lead,Fell/Hung,,The Medallion (settled on 10a). Fell on a #2 after blowing a hold,,
224,2020-10-03,Fruit Loops,1,Follow,,160,clean follow (just P1),,
223,2020-10-03,Frosted Flake,1,Lead,Flash,80,,,
222,2020-10-03,Whisky For Breakfast,1,TR,,90,one fall on thin section above roof pull,,
221,2020-10-03,Granola,1,Lead,Onsight,70,stout traverse,,
220,2020-10-03,Fruit Loops,2,Lead,Onsight,160,Pitch 2 is a must do! So fun!,,
219,2020-09-27,Wild Seed,1,Follow,,70,Clean follow. Gotta come back for the lead!,,
218,2020-09-27,Crescenta,1,Follow,,80,Clean follow. Super fun!,,
217,2020-09-27,Hysteria,1,Lead,Onsight,90,"Tricky gear low, walk in the park after the ledge",,
216,2020-09-27,Springboard,1,Follow,,70,Clean follow,,
215,2020-09-27,Anal Clenching Adventures,1,Follow,,50,Clean follow,,
214,2020-09-26,Remission,1,Follow,,90,clean follow,,
213,2020-09-26,Can I Do It Till I Need Glasses,1,Follow,,90,fell once after low traverse,,
212,2020-09-26,The Grafenburg Crack,1,Lead,Onsight,80,,,
211,2020-09-26,The Undeserved,1,Follow,,90,clean follow,,
210,2020-09-26,Celibate Mallard,1,Follow,,90,1 fall under roof,,
209,2020-09-26,Black and Tan,1,Follow,,80,clean follow,,
208,2020-09-26,Doce Doe,1,Lead,Flash,80,,,
207,2020-09-26,Fantasy,1,Follow,,120,Clean follow,,
206,2020-09-24,Big Alternative,1,Attempt,,,Got a big flapper on the crux move(?) moving from the fat fin after the start holds,,
205,2020-09-24,Warm-up Roof,1,,,,,,
204,2020-09-24,The Entertainer,1,TR,,65,TR solo. Clean,,
203,2020-09-23,Reachers of Habit,1,TR,,70,TR solo. Fell once at crux,,
202,2020-09-23,Reaching New Heights,1,TR,,60,TR solo. Send,,
201,2020-09-23,Reaching New Heights,1,TR,,60,TR solo. Fell at crux,,
200,2020-09-23,New River Gunks,1,TR,,80,TR solo. Send,,
199,2020-09-23,Team Jesus,1,TR,,65,TR solo. Direct start. Send,,
198,2020-09-22,Jumpin' Jack Flash,1,TR,,50,TR solo. Flash,,
197,2020-09-22,Realignment,1,TR,,80,"TR solo. A couple falls, get a high left foot",,
196,2020-09-22,The Entertainer,1,TR,,65,TR solo. Clean,,
195,2020-09-22,New Yosemite,1,TR,,65,TR solo. One fall,,
194,2020-09-22,New Yosemite,1,TR,,65,TR solo. One fall,,
193,2020-09-21,Stretch Armstrong,1,TR,,70,TR solo. Hangdog. My poor fingers,,
192,2020-09-21,Jaws,1,TR,,70,TR solo. Took a couple times,,
191,2020-09-20,Brain Tweezers,1,TR,,60,"Super fun moves, love it!",,
190,2020-09-20,Burning Calves,1,TR,,70,"Clean TR, would be pretty tough on lead",,
189,2020-09-20,Happy Hands,1,Follow,,70,Clean follow,,
188,2020-09-20,Brain Storm,1,Lead,Fell/Hung,70,Took a decent whip ~8ft shy of the anchors. Ripped one piece on the way down. Fun stuff!,,
187,2020-09-20,Out of Mind,1,Lead,Onsight,70,"First 5.10 trad lead, easy one to start with!",,
186,2020-09-20,"You Want It, You Got It",1,Lead,Onsight,60,,,
185,2020-09-19,Going Ballistic,1,Lead,Fell/Hung,50,Pumped out on near the last moves. Belayed Carter for his first lead,,
184,2020-09-19,Flight Path,1,Lead,Fell/Hung,40,"Booked my ticket on the flight one move below the anchors, flew about 20ft. Woo!",,
183,2020-09-19,"She Got the Bosch, I Got Drilled",1,Lead,Fell/Hung,90,Fell at the Crux. rest up better at the second rest next time,,
182,2020-09-19,Chunko Goes Bowling,1,Lead,Onsight,80,Super fun!,,
181,2020-09-19,Sniff the Drill,1,Lead,Flash,45,,,
180,2020-09-19,That Eight,1,Lead,Flash,70,,,
179,2020-09-19,Hippie Dreams,1,Lead,Onsight,75,,,
178,2020-09-07,Zoo View,2,Lead,Flash,220,Woo!,,
177,2020-09-06,Rapscallion's Blues,1,Follow,,65,"Fell at roof, hung to remove some tough pieces ",,
176,2020-09-06,The Entertainer,1,TR,,65,Flash,,
175,2020-09-06,New River Gunks,1,TR,,80,Flash,,
174,2020-09-06,Team Jesus,1,TR,,65,Flash,,
173,2020-09-06,New Yosemite,1,Lead,Fell/Hung,65,"Fell once through crux, first fall on gear!",,
172,2020-09-06,New Yosemite,1,TR,,65,hung to try to booty the two stuck pieces,,
171,2020-09-06,The Distortionist,1,Lead,Onsight,50,,,
170,2020-09-05,Fred Sandstone Flake,1,TR,,60,flash,,
169,2020-09-05,Werewolf,1,TR,,40,flash,,
168,2020-09-05,My Sister Makes Cluster Bombs,1,TR,,50,"Climbed through to the roof clean, mussed up my foot beta just after getting hands above the roof",,
167,2020-09-05,Daisy Cutter,1,Lead,Flash,60,,,
166,2020-09-05,Eight Ball in the Side Pocket,1,TR,,70,"Accidentally used the arete a couple times, hangdog. Fun though!",,
165,2020-09-05,Basic Bubba Crack,1,Lead,Onsight,75,really ought to get a #3 and #4 ,,
164,2020-09-05,Bubba Safari,1,Lead,Pinkpoint,60,,,
163,2020-09-05,Bubba Safari,1,Lead,Onsight,60,used 3 bolts from Fierce Face at the end,,
162,2020-08-30,Flatten your Curves,1,Lead,Redpoint,,Flatten Your Curves. Nighttime ascent. ,,
161,2020-08-30,The Medallion,1,Lead,Redpoint,,The Medallion (downgraded to 9+). Nighttime ascent ,,
160,2020-08-25,Benadryl,1,Flash,,10,,,
159,2020-08-25,Bumble Bee,1,Flash,,11,,,
158,2020-08-25,Honeycomb,1,Flash,,16,,,
157,2020-08-25,Eye of the Narwhal,1,Attempt,,10,,,
156,2020-08-25,Jaws,1,Flash,,10,,,
155,2020-08-25,Colony,1,Flash,,,,,
154,2020-08-25,The Hive,1,Flash,,14,,,
153,2020-08-24,Sunset Arete,2,Flash,,12,,,
152,2020-08-24,All Things Considered,2,Flash,,25,,,
151,2020-08-24,East Of Eden,1,Flash,,12,,,
150,2020-08-24,Magnetic North,1,Flash,,,,,
149,2020-08-24,Peace of Westphalia (PoW),1,Flash,,14,,,
148,2020-08-24,Windy Heights,1,Flash,,12,,,
147,2020-08-24,Highlands Lowball (corner version) Arete,1,Send,,7,,,
146,2020-08-24,Highland Highball,1,Flash,,20,,,
145,2020-08-24,Slabacious,1,Flash,,,,,
144,2020-08-16,North Ridge,3,Follow,,250,,,
143,2020-08-16,My Route,1,Lead,Onsight,250,"Had to downclimb just before the pitch 2 slab, it was soaking wet",,
142,2020-08-09,Erocktica,1,Lead,Redpoint,50,"Heelhook beta works, feels good",,
141,2020-08-09,Teflon Toes,1,TR,,55,,,
140,2020-08-09,Teflon Toes,1,Lead,Redpoint,55,,,
139,2020-08-09,Overhang Hangover,1,Lead,Fell/Hung,60,Rested before crux,,
138,2020-08-09,Ironman,1,Lead,Onsight,,,,
137,2020-08-02,Tight Rope,1,Lead,Onsight,60,,,
136,2020-08-02,Tee Ball,1,Lead,Redpoint,60,,,
135,2020-08-02,All Gold Everything,1,Lead,Onsight,50,Borrowed some aliens from someone,,
134,2020-07-27,Iced Tee,1,Lead,Redpoint,60,,,
133,2020-07-27,Redacted,1,Lead,Redpoint,60,,,
132,2020-07-27,Tee Ball,1,Lead,Redpoint,60,,,
131,2020-07-19,Son of White Trash,1,TR,,40,"Moved right just after getting hands above the roof, making for a contrived roof pull",,
130,2020-07-19,Son of White Trash,1,TR,,40,,,
129,2020-07-19,Son of White Trash,1,Lead,Onsight,40,,,
128,2020-07-19,Dimpsty Dumpster,1,TR,,25,"Clean climb, but on TR",,
127,2020-07-19,Dimpsty Dumpster,1,Lead,Fell/Hung,25,"Pumped out and fell at crux, then got through on the second try",,
126,2020-07-19,White Trash,1,Lead,Onsight,25,,,
125,2020-07-18,I Gotta Wear Shades,1,TR,,,,,
124,2020-07-18,Teflon Toes,1,Lead,Fell/Hung,55,fell because I couldn't find Crux hold (horn). can get it next time,,
123,2020-07-18,Erocktica,1,Lead,Redpoint,50,do the left heelhook beta next time instead of the mega layback,,
122,2020-07-18,Erocktica,1,Lead,Fell/Hung,50,,,
121,2020-07-18,Crackin' Up,1,Lead,Redpoint,50,,,
120,2020-07-18,The Herculean Test,1,Lead,Redpoint,,,,
119,2020-07-18,Devil in the White House,1,Lead,Pinkpoint,60,,,
118,2020-07-18,Devil in the White House,1,Lead,Redpoint,60,,,
117,2020-07-18,Papa Bear,1,TR,,40,,,
116,2020-07-12,The Black Hole,1,Lead,Flash,50,,,
115,2020-07-12,Erocktica,1,Lead,Fell/Hung,50,,,
114,2020-07-12,Erocktica,1,Lead,Fell/Hung,50,,,
113,2020-07-12,Papa Bear,1,TR,,40,,,
112,2020-07-12,Henar Lite,1,Lead,Redpoint,,,,
111,2020-07-12,The Herculean Test,1,Lead,Redpoint,,,,
110,2020-07-12,Smooth Sailing (aka Lloyd Would Have Liked It),1,Lead,Pinkpoint,80,,,
109,2020-06-26,Black Rain,1,TR,,80,,,
108,2020-06-22,The Medallion,1,Lead,Redpoint,,"The Medallion FA. Swam to base, soloed to start. ",,
107,2020-06-22,The Medallion,1,TR,,,The Medallion. TR solo. Send,,
106,2020-06-22,The Medallion,1,TR,,,The Medallion. TR solo. Send,,
105,2020-06-21,The Medallion,1,TR,,,"The Medallion. TR solo. Send, climb smarter through the crux. Use the ledge+left hand palm press",,
104,2020-06-21,The Medallion,1,TR,,,The Medallion. TR solo. Send ,,
103,2020-06-21,The Medallion,1,TR,,,The Medallion. TR Solo. Practiced placing gear and hung to fiddle with placements,,
102,2020-06-19,The Medallion,1,TR,,,"The Medallion. TR solo, fell. Get the left foot high on crux move",,
101,2020-06-19,The Medallion,1,TR,,,"The Medallion. TR solo, send. ",,
100,2020-06-18,The Medallion,1,TR,,,"The Medallion. TR solo, fell",,
99,2020-06-18,The Medallion,1,TR,,,"The Medallion. TR solo, fell",,
98,2020-06-18,The Medallion,1,TR,,,"The Medallion. TR solo, fell",,
97,2020-06-07,The Humbler,1,TR,,30,,,
96,2020-06-07,The Tumbler,1,TR,,30,,,
95,2020-06-06,North Ridge,3,Lead,Onsight,250,Forgot there was a 3rd pitch and soloed it because we thought the climb was over ,,
94,2020-06-06,Crackerjack,2,Lead,Fell/Hung,200,"Backed off pitch 2, didn&#39;t think I had the gear. It goes on small gear, get good at hand jams",,
93,2020-05-24,Mama Bear,1,TR,,30,On sight,,
92,2020-05-24,Baby Bear,1,TR,,,,,
91,2020-05-24,Smooth Sailing (aka Lloyd Would Have Liked It),1,Lead,Fell/Hung,80,,,
90,2020-05-24,Hot Yoga,1,Lead,Redpoint,50,,,
89,2020-05-24,Pole Dancing,1,TR,,60,,,
88,2020-05-23,Mercury's Lead,2,TR,,300,TR solo. one fall low,,
87,2020-05-23,No Alternative,3,TR,,400,TR solo. went off route to the left to get back to anchors,,
86,2020-05-23,Bombay Groove aka Yankee Go Home,2,TR,,280,TR solo. one fall low,,
85,2020-05-17,The Great Arch,3,Follow,,400,Robs first lead!,,
84,2020-05-17,The Great Arch,3,Lead,Redpoint,400,,,
83,2020-05-17,U Slot,1,Lead,Redpoint,140,,,
82,2020-05-16,Washboard,1,Lead,Onsight,200,,,
81,2020-05-16,Head Jam,1,Lead,Redpoint,110,,,
80,2020-05-16,Sentinel Buttress,2,Lead,Onsight,200,,,
79,2020-05-10,Blue Chock,1,Follow,,150,Two falls,,
78,2020-05-10,Head Jam,1,Lead,Onsight,110,,,
77,2020-05-10,Nuclear Crayon,1,Follow,,120,Clean follow,,
76,2020-05-10,Quaker State,1,Follow,,100,Clean follow,,
75,2020-05-10,Do or Dive,1,Follow,,100,One fall at the crux,,
74,2020-05-10,Easy Hard,1,Lead,Onsight,120,First lead at Moores!,,
73,2020-03-21,Back to the Front,1,Follow,,100,,,
72,2020-03-21,High Test,1,TR,,120,,,
71,2020-03-21,Spock's Brain,1,TR,,80,,,
70,2020-03-21,Spock's Brain,1,TR,,80,,,
69,2020-03-21,Alcoa Presents,1,TR,,50,,,
68,2020-03-21,Conn's East Direct,1,TR,,80,,,
67,2020-03-21,Prune,2,Follow,,320,,,
66,2020-03-20,The Warlock,1,TR,,50,,,
65,2020-03-20,Discrepancy,1,TR,,55,,,
64,2020-03-14,Blind Prophet Lite,1,Follow,,50,"Had to jug past the roof move, so it doesn&#39;t really count :(",,
63,2020-03-14,Man Overboard,1,Lead,Pinkpoint,70,,,
62,2020-03-14,Smooth Sailing (aka Lloyd Would Have Liked It),1,Lead,Redpoint,80,,,
61,2020-03-14,Hot Yoga,1,Lead,Onsight,50,,,
60,2020-03-14,KMA,1,TR,,60,,,
59,2020-03-14,Place Your Bet,1,TR,,50,Did not use the arete on the left at the top,,
58,2020-03-14,Chicken Bone,1,TR,,90,First TR solo,,
57,2020-02-15,Grandpa's Belay,1,Lead,Redpoint,50,,,
56,2020-02-15,Devil in the White House,1,Lead,Fell/Hung,60,,,
55,2020-02-15,Pilot Error (chicken bone right),1,TR,,90,,,
54,2020-02-15,Vegomatic,1,Lead,Redpoint,90,,,
53,2020-02-01,Devil in the White House,1,TR,,60,"Straight up the middle variation, the hardest one IMO. No falls though",,
52,2020-02-01,Devil in the White House,1,Lead,Redpoint,60,"Right variation. Super easy, albeit a little pumpy",,
51,2020-02-01,Henar Lite,1,Lead,Pinkpoint,,"Felt super desperate in September, found a high-ish left foot on a chip makes the crux move easy",,
50,2020-02-01,Grandpa's Belay,1,TR,,50,"First climbers to the crag, found booty quad anchor ",,
49,2019-12-27,Vegomatic,1,Lead,Redpoint,90,First trad lead! Felt great :),,
48,2019-12-27,Pilot Error (chicken bone right),1,Lead,Onsight,90,,,
47,2019-12-27,Devil in the White House,1,Lead,Redpoint,60,,,
46,2019-12-27,Black Rain,1,Lead,Onsight,80,,,
45,2019-12-27,Pole Dancing,1,Lead,Redpoint,60,,,
44,2019-12-26,Iced Tee,1,Lead,Fell/Hung,60,,,
43,2019-12-26,Tee Ball,1,TR,,60,"Mock led, lots of bomber gear, mostly nuts & tricams",,
42,2019-11-09,Bullistics,1,TR,,40,,,
41,2019-11-09,Hidden-mite short,1,TR,,45,,,
40,2019-11-09,Sunny Day,1,Lead,Flash,50,,,
39,2019-11-09,Blast in Black,1,Lead,Flash,50,,,
38,2019-11-09,Black Hole,1,Lead,Redpoint,50,,,
37,2019-11-09,Black Hole,1,TR,,50,,,
36,2019-11-09,Flight Time,1,Lead,Flash,,,,
35,2019-11-03,U Slot,1,Follow,,140,,,
34,2019-11-03,The Great Arch,3,Follow,,400,,,
33,2019-10-04,Goldilocks,1,TR,,50,,,
32,2019-10-04,Pole Dancing,1,TR,,60,,,
31,2019-10-04,Pole Dancing,1,Lead,Redpoint,60,,,
30,2019-10-04,Mild Mannered Secretary,1,TR,,50,,,
29,2019-09-27,Henar Lite,1,Lead,Fell/Hung,,,,
28,2019-09-27,Devil in the White House,1,Lead,Fell/Hung,60,,,
27,2019-09-27,Crackin' Up,1,TR,,50,,,
26,2019-09-20,Pump Street,1,Lead,Onsight,65,,,
25,2019-09-20,Vegomatic,1,TR,,90,,,
24,2019-09-20,Devil in the White House,1,TR,,60,,,
23,2019-09-20,Mild Mannered Secretary,1,Lead,Onsight,50,,,
22,2019-09-20,Henar Lite,1,Lead,Fell/Hung,,,,
21,2019-09-07,Smooth Sailing (aka Lloyd Would Have Liked It),1,Lead,Fell/Hung,80,,,
20,2019-09-07,Eurozone,1,TR,,55,,,
19,2019-09-07,Man Overboard,1,Lead,Fell/Hung,70,,,
18,2019-09-07,The Herculean Test,1,Lead,Pinkpoint,,,,
17,2019-09-07,Erocktica,1,Lead,Fell/Hung,50,,,
16,2019-09-07,Grandpa's Belay,1,TR,,50,,,
15,2019-08-30,The Herculean Test,1,TR,,,,,
14,2019-08-30,Devil in the White House,1,Lead,Pinkpoint,60,,,
13,2019-07-31,Chicken Bone,1,Lead,Onsight,90,,,
12,2019-07-31,Devil in the White House,1,TR,,60,,,
11,2019-07-27,The Kessel Run,1,Send,,,,,
10,2019-07-01,Boone Lounge,1,Send,,10,,,
9,2019-07-01,What's In A Name,1,Flash,,,,,
8,2019-07-01,Admiral Aretebar,1,Send,,10,,,
7,2019-07-01,V3PO,1,Send,,10,,,
6,2019-07-01,The Taoist,1,Send,,10,,,
5,2019-07-01,Oh-V1-Kenobi,1,Flash,,,,,
4,2019-07-01,It's A Trap,1,Send,,10,,,
3,2019-06-15,Gentle Ben,1,Follow,,,,,
2,2019-06-15,Pole Dancing,1,Lead,Fell/Hung,60,,,
1,2019-06-15,Baby Bear,1,TR,,,on sight,,
