586,The Threat,5.12b,,Sport,"38.833800, -79.366300",123,"Pretty wild line, sustained!"
585,Grizzly Adams,5.11a,,Sport,"38.695500, -79.465000",124,
584,Lifers,5.10a,,Sport,"38.695500, -79.465000",124,
583,Dominion,5.10b,,Sport,"38.695500, -79.465000",124,
582,Crescendo,5.10a,,Trad,"38.695500, -79.465000",124,
581,Unknown 5.10c,5.10c,,Trad,"38.695500, -79.465000",124,
580,The Petting Zoo,5.10b,,Trad,"38.695500, -79.465000",124,
579,The Wax Museum,5.10a,,Trad,"38.695500, -79.465000",124,
578,Ed's Fudge Shop,5.10a,,Trad,"38.695500, -79.465000",124,
577,Cast of Thousands,5.10a,,Trad,"38.695500, -79.465000",124,
576,Worrell's Thicket,5.1,,Trad,"38.833800, -79.366300",123,
575,West Pole,5.7,,Trad,"38.833800, -79.366300",123,
574,Devil in the White House,5.10c,,Sport,"36.340200, -80.480780",122,
573,Silhouette,5.9,,Sport,"36.340200, -80.480780",122,"Pretty fun, adventurey sport climb!"
572,Man Overboard,5.10c,,Sport,"36.340200, -80.480780",122,
571,Kakaroots,5.9,,Sport,"-22.978850, -43.196080",121,
570,Costao,5.7,,Sport,"-22.949900, -43.159100",120,
569,Coringa,5.6,,Sport,"-22.949900, -43.159100",120,
568,Ovos Na Chapa,5.9,,Trad,"-22.942620, -43.195910",119,
567,Fissura Esquecida,5.10a,,Trad,"-22.942620, -43.195910",119,
566,Passagem dos Olhos,5.8,,Sport,"-22.997080, -43.284640",118,
565,Inversão Feminina,5.7,,Sport,"-22.95173, -43.15762",117,
564,Via do Crico,5.8,,Sport,"-22.95173, -43.15762",117,
563,Rapunzel,5.9,,Sport,"-22.95173, -43.15762",117,
562,Para os Baixinhos,5.9,,Sport,"-22.95173, -43.15762",117,
561,Formiga Atômica,5.6,,Sport,"-22.95173, -43.15762",117,
560,Graalzinho,5.5,,Sport,"-22.95173, -43.15762",117,
559,Infravermelho,5.6,,Trad,"-22.9504, -43.1635",116,
558,CERJ,5.9,PG13,Trad,"22.33888, -42.72446",115,
557,K3,5.10d,,Trad,"-22.9549, -43.2144",114,
556,K2,5.9,PG13,Trad,"-22.9549, -43.2144",114,
555,Via dos Italianos,5.10a,,Sport,"-22.949900, -43.159100",120,
554,Waldemar Guimaraes (Waldo),5.11d,PG13,Trad,"-22.949900, -43.159100",120,
553,CEPI,Intermediate,,Via,"-22.949900, -43.159100",120,
552,Preto (with Rubro Negro var),5.7,,Trad,"-22.9504, -43.1635",116,
551,Old Man's Route,5.2,,Trad,"38.833800, -79.366300",123,
550,Agony,5.10b,,Trad,"38.833800, -79.366300",123,
549,Bee Sting Corner,5.7,,Trad,"38.833800, -79.366300",123,
548,Dufty's Popoff,5.7,PG13,Trad,"38.833800, -79.366300",123,
547,Gert's Grungy Gulley,5.4,,Trad,"38.833800, -79.366300",123,
546,Gunsight to South Peak Direct,5.4,,Trad,"38.833800, -79.366300",123,
545,Stone Gallows,5.10b,,Trad,"38.695500, -79.465000",124,King line at Nelson
544,Critter Crack,5.6,,Trad,"38.833800, -79.366300",123,
543,Front C,5.6,,Trad,"38.833800, -79.366300",123,
542,Le Gourmet,5.4,,Trad,"38.833800, -79.366300",123,
541,Gunsight to South Peak,5.4,,Trad,"38.833800, -79.366300",123,
540,Skyline Traverse,5.3,,Trad,"38.833800, -79.366300",123,
539,Roy Gap Chimney's,5.6,,Trad,"38.833800, -79.366300",123,
538,Windy Corner,5.4,,Trad,"38.833800, -79.366300",123,
537,Old Ladies Route,5.2,,Trad,"38.833800, -79.366300",123,
536,Lower Skyline Direct (LSD),5.5,,Trad,"38.833800, -79.366300",123,
535,Totem,5.11a,,Trad,"38.833800, -79.366300",123,
534,Neck Press,5.7,,Trad,"38.833800, -79.366300",123,
533,Prune,5.7,,Trad,"38.833800, -79.366300",123,
532,La Bella Vista,5.10a,,Trad,"38.833800, -79.366300",123,
531,Traffic Jam,5.7,,Trad,"38.833800, -79.366300",123,
530,Millennium,5.7,,Trad,"38.695500, -79.465000",124,
529,Green Wall,5.7,,Trad,"38.833800, -79.366300",123,
528,Ecstasy Junior,5.4,,Trad,"38.833800, -79.366300",123,
527,Conn's West,5.4,,Trad,"38.833800, -79.366300",123,
526,Gunsight To North Peak,5.1,,Trad,"38.833800, -79.366300",123,
525,Sirius,5.10a,,Sport,"38.695500, -79.465000",124,
524,Mushrooms,5.10a,,Trad,"38.0508, -81.03146",113,
523,Screamer Crack,5.8,,Trad,"38.0508, -81.03146",113,
522,The Decameron,5.10b,,Sport,"38.09332, -81.09376",112,
521,Kinesthetica,5.10c,,Sport,"38.09332, -81.09376",112,
520,Mrs. Field's Follies,5.8,,Sport,"38.09332, -81.09376",112,
519,Geisha Girl,5.8,,Sport,"38.09332, -81.09376",112,
518,Narcissus,5.12a,,Sport,"38.24193, -80.84067",111,
517,Satisfaction Guaranteed,5.11a,,Sport,"38.24161, -80.8422",110,
516,Lickety Split,5.9,,Sport,"38.24161, -80.8422",110,
515,34D,5.10b,,Sport,"38.695500, -79.465000",124,
514,Rox Salt,5.6,,Trad,"38.833800, -79.366300",123,
513,Back to the Front,5.9,,Trad,"38.833800, -79.366300",123,
512,Seneca Daze,5.7,PG13,Sport,"38.833800, -79.366300",123,
511,Rear Entry,5.8,,Trad,"38.833800, -79.366300",123,
510,The Burn,5.8,,Trad,"38.833800, -79.366300",123,
509,Never Say Never,5.10c,,Sport,"38.695500, -79.465000",124,
508,License to Drill,5.10a,,Sport,"38.695500, -79.465000",124,
507,Flying Bunghole,5.10b,,Sport,"38.695500, -79.465000",124,
506,Thais - Variation Thais Escape,5.5,,Trad,"38.833800, -79.366300",123,
505,Thais,5.6,,Trad,"38.833800, -79.366300",123,
504,Wild Men Only,5.10a,PG13,Trad,"38.833800, -79.366300",123,
503,Candy Corner,5.6,,Trad,"38.833800, -79.366300",123,
502,Ye Gods & Little Fishes,5.8,,Trad,"38.833800, -79.366300",123,
501,Kamikaze,5.10a,,Sport,"38.695500, -79.465000",124,
500,Internal Dialogue,5.8,,Sport,"38.785000, -79.288000",109,
499,Honey Hole 5.7,5.7,,Sport,"38.785000, -79.288000",108,
498,Honey Hole 5.10a,5.10a,,Sport,"38.785000, -79.288000",108,
497,Triple S,5.8,,Trad,"38.833800, -79.366300",123,
496,Honey Hole 5.8,5.8,,Sport,"38.785000, -79.288000",108,
495,EZ Wider,5.6,,Sport,"38.695500, -79.465000",124,
494,Pleasant Overhangs,5.7,,Trad,"38.833800, -79.366300",123,
493,Ambush,5.11a,,Trad,"38.833800, -79.366300",123,
492,Predator,5.12a,,Sport,"38.833800, -79.366300",123,
491,Climbin' Punishment,5.8,,Trad,"38.833800, -79.366300",123,
490,Orangeaid,5.10b,,Trad,"38.833800, -79.366300",123,
489,Pollux,5.10a,,Trad,"38.833800, -79.366300",123,
488,Conn's East,5.6,,Trad,"38.833800, -79.366300",123,
487,Kauffman-Cardon,5.4,,Trad,"38.833800, -79.366300",123,SO. BAD.
486,T&T,5.8,,Trad,"38.833800, -79.366300",123,
485,Up and Coming,5.4,,Trad,"38.833800, -79.366300",123,
484,Two Scoops,5.11d,,Sport,"38.695500, -79.465000",124,
483,IMOL,5.10a,,Sport,"38.695500, -79.465000",124,
482,Two Poops,5.10b,,Sport,"38.695500, -79.465000",124,
481,Bear's Delight,5.6,,Trad,"38.833800, -79.366300",123,
480,Lichen or Leave It,5.8,,Trad,"38.833800, -79.366300",123,
479,Judgement Seat,5.10a,,Trad,"38.833800, -79.366300",123,
478,Cottonmouth - Venom,5.10a,,Trad,"38.833800, -79.366300",123,
477,Sea of Tranquility,5.10a,,Sport,"38.785000, -79.288000",109,
476,Dr Taco,5.7,,Sport,"38.785000, -79.288000",109,
475,Welcome to Reed's Creek,5.7,,Sport,"38.785000, -79.288000",109,
474,Catfish Strangler,5.11a,,Sport,"38.785000, -79.288000",109,
473,Breakneck Direct,5.10b,,Trad,"38.833800, -79.366300",123,
472,Oz,5.7,,Sport,"38.695500, -79.465000",124,
471,Shorty,5.11b,,Sport,"38.695500, -79.465000",124,
470,Daytripper,5.10a,,Trad,"38.833800, -79.366300",123,
469,Right Tope,5.9,,Trad,"38.833800, -79.366300",123,
468,Block Party,5.8,,Trad,"38.833800, -79.366300",123,
467,Sunshine,5.10a,PG13,Trad,"38.833800, -79.366300",123,
466,Humphrey's Head,5.4,,Trad,"38.833800, -79.366300",123,
465,Ecstasy,5.7,,Trad,"38.833800, -79.366300",123,
464,Bottom Feeder,5.8,,Sport,"38.695500, -79.465000",124,
463,Put A Wiggle In Your Stride,5.12a,,Sport,"38.833800, -79.366300",123,
462,S&M,5.8,,Sport,"38.833800, -79.366300",123,
461,Dirty Old Man,5.6,,Trad,"38.833800, -79.366300",123,
460,Frosted Flake,5.9,,Trad,"38.833800, -79.366300",123,
459,Abandoned,5.7,,Sport,"38.695500, -79.465000",124,
458,Nameless,5.8,,Sport,"38.695500, -79.465000",124,
457,Crispy Critter,5.7,,Trad,"38.833800, -79.366300",123,
456,Southwest Buttress Variation,5.5,,Trad,"38.833800, -79.366300",123,
455,High Test,5.9,,Trad,"38.833800, -79.366300",123,
454,Le Gourmet Direct,5.7,,Trad,"38.833800, -79.366301",123,
453,North Ridge,5.7,,Trad,"38.8764, -104.88113",107,
452,Random Couloir,AI2,PG13,Ice,"40.25767, -105.61491",106,
451,Vitamin V,5.9,,Sport,"39.97305, -105.46306",105,
450,Chasing Sticks,5.9,,Sport,"39.97305, -105.46306",105,
449,Vertigo,5.11b,,Trad,"39.93194, -105.28603",1,
448,Full Recovery,WI2,,Ice,"40.28841, -105.65725",104,
447,Kool Cat,5.11a,,Trad,"38.09105, -109.56274",103,
446,To Skin a Cat,5.12a,,Trad,"38.09105, -109.56274",103,
445,More Than One Way,5.10d,,Trad,"38.09105, -109.56274",103,
444,Catsup,5.10a,,Trad,"38.09105, -109.56274",103,
443,Trip to the Vet,5.10d,,Trad,"38.09105, -109.56274",103,
442,Standard Route,C0,,Aid,"38.61375, -109.60839",102,
441,West Crack,5.8,,Trad,"38.6972, -109.54923",101,
440,West Chimney,5.6,,Trad,"38.69514, -109.54811",100,
439,Bongeater,5.10d,,Trad,"40.5747, -111.7734",99,
438,The Coffin,5.9,,Trad,"40.57418, -111.77065",98,
437,Crescent Crack,5.7,,Trad,"40.5733, -111.771",97,
436,Random 5.6,5.6,,Trad,"40.65299, -111.806",96,
435,Route 1,5.9,,Trad,"40.65299, -111.806",96,
434,Knifeblade Crack,5.8,,Trad,"40.65299, -111.806",96,
433,Birdland,5.7,,Trad,"36.12521, -115.49109",95,
432,Ending Crack,5.7,PG13,Trad,"34.5776, -119.2579",94,
431,Tree Root,5.5,,Trad,"34.5776, -119.2579",94,
430,South Face Left,5.10b,,TR,"34.00154, -118.80853",93,
429,Left,5.8,,TR,"34.00154, -118.80853",93,
428,Left Center,5.8,,TR,"34.00154, -118.80853",93,
427,Sexy Grandma,5.9,,Sport,"32.631, -116.0788",92,
426,Bearded Cabbage,5.10c,,Trad,"32.631, -116.0788",92,
425,Buissonier,5.7,,Trad,"32.631, -116.0788",92,
424,Four Course Meal,5.7,,Trad,"31.935, -109.99553",91,
423,King of Snake,5.12a,,Sport,"31.70897, -110.49505",90,
422,Swifting,5.11a,,Sport,"31.70897, -110.49505",90,
421,Postcards to Pinetop,5.10a,,Sport,"31.70897, -110.49505",90,
420,Sombreros from Snowflake,5.10b,,Sport,"31.70897, -110.49505",90,
419,Hot Yoga,5.10a,,Sport,"36.340200, -80.480780",122,
418,Outhouse,5.7,,Trad,"36.340200, -80.480780",122,
417,KMA,5.8,,Trad,"36.340200, -80.480780",122,
416,Blind Prophet,5.12b,PG13,Sport,"36.340200, -80.480780",122,
415,Grandpa's Belay,5.6,,Trad,"36.340200, -80.480780",122,
414,Crackin' Up,5.7,,Trad,"36.340200, -80.480780",122,
413,Son of White Trash,5.8,,Sport,"36.09764, -81.77188",89,
412,Red Headed Stepchild,5.10a,,Trad,"36.09764, -81.77188",89,
411,Unwritten Law,5.12b,,Sport,"36.09764, -81.77188",89,
410,Dimpsty Dumpster,5.10a,,Sport,"36.09764, -81.77188",89,
409,Voodoo Child,5.11a,,Sport,"36.09764, -81.77188",89,
408,Vermin,5.10b,,Sport,"36.09764, -81.77188",89,
407,The Great Arch,5.5,,Trad,"36.3916, -81.0473",88,
406,U Slot,5.7,PG13,Trad,"36.3916, -81.0473",88,
405,Sentinel Buttress,5.5,,Trad,"36.3973, -80.2861",87,
404,Two Bag Face,5.9,R,Trad,"38.0607, -81.0671",86,
403,Springboard,5.10b,,Trad,"38.0607, -81.0671",86,
402,Triple Treat,5.10a,,Trad,"38.0607, -81.0671",86,
401,Shiny Faces,5.10d,,Trad,"38.0607, -81.0671",86,
400,Ritz Cracker,5.9,,Trad,"38.0607, -81.0671",86,
399,Animal Logic,5.12b,,Sport,"38.24156, -80.84428",85,
398,Process of Elimination,5.11b,,Sport,"38.24156, -80.84428",85,
397,New Yosemite,5.9,,Trad,"38.08299, -81.08043",84,
396,Two For One,5.9,PG13,Trad,"35.88831, -81.88519",83,
395,19'-hexanoyloxyfucoxanthin,5.9,,Trad,"36.07719, -82.3723",82,
394,Prime Rib,5.10a,,Trad,"36.07719, -82.3723",82,
393,Dude on the Corner,5.9,,Sport,"36.340200, -80.480780",122,
392,Easy Hard,5.5,,Trad,"36.39764, -80.28578",81,
391,The 8th Sin,5.11d,,Sport,"35.88116, -81.90287",80,
390,The Devil Wears Prana,5.10b,,Sport,"35.88116, -81.90287",80,
389,Capt Crunch,5.10d,,Trad,"35.44953, -82.21258",79,
388,Born Again,5.10d,,Sport,"35.44953, -82.21258",79,
387,Shredded Wheat,5.11a,,Trad,"35.44953, -82.21258",79,
386,Big Jugs,5.5,,Trad,"36.3973, -80.2861",87,
385,Bat out of Hell,5.11b,,Sport,"36.340200, -80.480780",122,
384,Erocktica,5.10c,,Sport,"36.340200, -80.480780",122,
383,Cruizin' South,5.5,,Sport,"39.90803, -76.3642",78,
382,Expose',5.11b,,Sport,"39.90803, -76.3642",78,
381,Autumn Arch,5.10b,,Sport,"39.90803, -76.3642",78,
380,Thin Air,5.6,,Trad,"44.064, -71.1663",77,
379,Childs Play,5.6,,Trad,"44.064, -71.1663",77,
378,Recluse,5.11a,,Trad,"44.064, -71.1663",77,
377,Bird's Nest,5.9,,Trad,"44.064, -71.1663",77,
376,Standard Route,5.5,R,Trad,"44.0545, -71.1668",76,
375,Short Shagg,5.9,,Sport,"44.43274, -70.52741",75,
374,Rough Rhino,5.9,,Sport,"44.43274, -70.52741",75,
373,Fuzzy Rhino Slippers,5.11c,,Sport,"44.43274, -70.52741",75,
372,Short Bob,5.12a,,Sport,"44.43274, -70.52741",75,
371,The Great Escape,5.10b,,Sport,"44.43274, -70.52741",75,
370,Whitney Gilman Ridge,5.7,,Trad,"44.159, -71.6847",74,
369,Dirty Harry,5.11a,,Sport,"44.24707, -69.08739",73,
368,500 Pound Flakeout,5.7,,Trad,"44.24707, -69.08739",73,
367,Charlotte's Crack,5.7,,Trad,"44.24707, -69.08739",73,
366,Guillotine,5.10a,,Trad,"44.31194, -68.18919",72,
365,Wonder Wall,5.8,,Trad,"44.31194, -68.18919",72,
364,Peak Performance,5.10a,,Trad,"44.31194, -68.18919",72,
363,A Dare by the Sea,5.10b,,Trad,"44.31194, -68.18919",72,
362,"Easy Corner (aka ? ""Wonder Corner"" )",5.6,,Trad,"44.31194, -68.18919",72,
361,Echoes,5.11d,PG13,Trad,"44.064, -71.1663",77,
360,Recompense,5.9,,Trad,"44.064, -71.1663",77,
359,The Prow,5.11d,,Trad,"44.064, -71.1663",77,
358,Goofer's Delight,5.10a,,Trad,"44.064, -71.1663",77,
357,The Fastest Gun,5.10b,,Trad,"44.4097, -73.5037",71,
356,Bloody Mary,5.9,,Trad,"44.4097, -73.5037",71,
355,Slim Pickins,5.9,,Trad,"44.1454, -73.75082",70,
354,Esthesia,5.10a,,Trad,"44.1454, -73.75082",70,
353,TR,5.10a,,Trad,"44.1454, -73.75082",70,
352,Good Day,5.10b,,Sport,"43.55552, -73.60298",69,
351,The Gong Show,5.9,,Trad,"43.55552, -73.60298",69,
350,Grin and Bear It,5.8,,Trad,"43.55552, -73.60298",69,
349,Snake Charmer,5.9,,Trad,"43.55552, -73.60298",69,
348,Lunar Manscaping,5.8,,Trad,"43.55552, -73.60298",69,
347,Birdbrain,5.12a,X,Trad,"41.73209, -74.19709",68,
346,Bird Cage,5.10b,,Trad,"41.73209, -74.19709",68,
345,Transcontinental Nailway,5.10b,,Trad,"41.73209, -74.19709",68,
344,Ants' Line,5.9,,Trad,"41.73209, -74.19709",67,
343,Space Invaders,5.10d,,Trad,"41.72879, -74.18801",67,
342,Bonnie's Roof,5.9,,Trad,"41.72879, -74.18801",67,
341,High Exposure,5.6,,Trad,"41.72879, -74.18801",67,
340,Directissima,5.9,,Trad,"41.72879, -74.18801",67,
339,Balcony Arête,5.9,,Trad,"41.72879, -74.18801",66,
338,Backslider,5.7,,TR,"38.9923, -77.249",66,
337,Possibilities,5.9,,TR,"38.9923, -77.249",66,
336,Left Stuff,5.7,,TR,"38.9923, -77.249",66,
335,Right Stuff,5.7,,TR,"38.9923, -77.249",66,
334,Castor,5.10a,,Trad,"38.833800, -79.366300",123,
333,Madmen Only,5.10a,,Trad,"38.833800, -79.366300",123,
332,Fear of Flying,5.8,,Trad,"38.833800, -79.366300",123,
331,Gebhardt-Dufty,5.7,,Trad,"38.833800, -79.366300",123,
330,Marshall's Madness - Crack of Dawn,5.10a,,Trad,"38.833800, -79.366300",123,
329,Soler,5.7,,Trad,"38.833800, -79.366300",123,
328,The Daddy,5.6,,Trad,"35.871, -81.89291",65,
327,White Lightning,5.8a,,Trad,"35.88831, -81.88519",83,
326,Exploratory 5.5,5.5,,Trad,"36.07719, -82.3723",82,
325,Quaker State,5.11a,,Trad,"36.39993, -80.28257",64,
324,Raise Hell,5.8a,,Trad,"36.39993, -80.28257",64,
323,Nutsweat,5.9d,,Trad,"36.40055, -80.27884",63,
322,Nevermore,5.9a,,Trad,"36.40055, -80.27884",63,
321,Head Jam,5.6,,Trad,"36.39764, -80.28578",81,
320,Break On Through,5.10a,,Trad,"36.3973, -80.2861",62,
319,Pilot Error (chicken bone right),5.8a,,Sport,"36.340200, -80.480780",122,
318,Skatin',5.11d,,Sport,"36.340200, -80.480780",122,
317,Fat Boy,5.11a,,Sport,"36.340200, -80.480780",122,
316,Thin to Win,5.10b,,Sport,"36.340200, -80.480780",122,
315,Vegomatic,5.7d,,Trad,"36.340200, -80.480780",122,
314,Chicken Bone,5.8,,Sport,"36.340200, -80.480780",122,
313,Almost Seven (aka Golden Earring),5.7,,Trad,"36.39993, -80.28257",64,
312,Air Show,5.9a,,Trad,"36.3973, -80.2861",62,
311,Bedtime for Bonzo,5.6,,Trad,"37.83768, -83.64701",61,
310,Scabies,5.9d,,Sport,"37.8588, -83.67163",60,
309,Brontosaurus,5.10b,,Trad,"37.8588, -83.67163",60,
308,Environmental Impact,5.7d,,Trad,"37.8588, -83.67163",60,
307,Souders Crack,5.11,R,Trad,"37.8446, -83.6686",59,
306,Mailbox,5.8d,,Trad,"37.8446, -83.6686",59,
305,Yuk,5.9,PG13,Trad,"37.8446, -83.6686",59,
304,Autumn,5.9,,Trad,"37.8446, -83.6686",59,
303,Rock Wars,5.10a,,Trad,"37.8446, -83.6686",59,
302,Super Best Friends,5.12a,,Sport,"37.73372, -83.63884",58,
301,Stay Off the Radio Jeff!,5.9d,,Sport,"37.72444, -83.62657",57,
300,The Bee's Business,5.8a,,Sport,"37.72444, -83.62657",57,
299,Air Ride Equipped,5.11a,,Sport,"37.73372, -83.63884",58,
298,Caver's Route,5.3,R,Trad,"37.82823, -83.59714",56,
297,Rainy Day Women,5.10a,R,Trad,"36.3916, -81.0473",88,
296,Entrance Crack,5.5,R,Trad,"36.3916, -81.0473",88,
295,Yardarm,5.8,PG13,Trad,"36.3916, -81.0473",88,
294,Skin Toy,5.11d,,Sport,"36.375128, -80.369331",55,
293,Green Arrow,5.10a,,Sport,"36.375128, -80.369331",55,
292,DC Comics,5.10b,,Sport,"36.375128, -80.369331",55,
291,Deadbeat Dad,5.11d,,Trad,"36.375128, -80.369331",55,
290,Pilot's License,5.10b,,Sport,"36.375128, -80.369331",55,
289,Kish Dish,5.8,,Sport,"36.375128, -80.369331",55,
288,I'll Be Danned,5.10d,,Sport,"36.375128, -80.369331",55,
287,5.7 Corner,5.7d,,Trad,"36.375128, -80.369331",55,
286,Novi,5.7d,,Sport,"36.340200, -80.480780",122,
285,Anchors Away,5.11d,,Sport,"36.340200, -80.480780",122,
284,Unknown,5.8,,TR,"36.340200, -80.480780",122,
283,The Pulpit,5.8,,Trad,"36.3916, -81.0473",88,
282,Left Of Time,5.7,,Sport,"35.9631, -81.12044",54,
281,Hardman,5.11b,,Sport,"35.9631, -81.12044",54,
280,Bullistics,5.10b,,Sport,"35.9631, -81.12044",54,
279,Hidden-mite short,5.9d,,Sport,"35.9631, -81.12044",54,
278,Mr. Henar,5.12a,PG13,Sport,"36.340200, -80.480780",122,
277,Any Major Dude,5.11c,,Sport,"36.340200, -80.480780",122,
276,When Shrimp Learn to Whistle,5.11b,,Sport,"36.340200, -80.480780",122,
275,Boyz N Berries,5.11a,,Sport,"36.09764, -81.77188",89,
274,Deceivious,5.11,,Sport,"36.37869, -80.28731",53,
273,Grace Under Pressure,5.10b,,Trad,"36.37869, -80.28731",53,
272,NE end flows,WI3,,Ice,"36.42187, -81.1871",52,
271,Daughton Line,WI3a,,Ice,"36.42187, -81.1871",52,
270,The Dish,5.9,,Trad,"35.24038, -81.2694",51,
269,Ooga Chocka,5.8,,Trad,"35.24038, -81.2694",51,
268,Electra,5.10c,,Sport,"35.24038, -81.2694",51,
267,Caterpillar,5.7d,,Trad,"35.9631, -81.12044",54,
266,The Twins Right,5.9d,,Sport,"35.9631, -81.12044",54,
265,Mr. Aidman's Free,5.11a,,Sport,"35.9631, -81.12044",54,
264,Black Hole,5.10d,,Sport,"35.9631, -81.12044",54,
263,Crimps and Slopers,5.10b,,Sport,"35.9631, -81.12044",54,
262,Flight Time,5.7d,,Sport,"35.9631, -81.12044",54,
261,Lust in a Cheap Motel,5.10b,,Sport,"36.375128, -80.369331",55,
260,Barbs World,5.10b,,Sport,"36.375128, -80.369331",55,
259,Quickdraw,5.11b,,Sport,"35.9631, -81.12044",54,
258,Sunny Day,5.8,,Sport,"35.9631, -81.12044",54,
257,Double Roof Ballet,5.11c,,Sport,"35.9631, -81.12044",54,
256,Blast in Black,5.9d,,Sport,"35.9631, -81.12044",54,
255,Boardwalk,5.8,,Trad,"36.099, -81.7815",50,
254,Anguish of Captain Bligh,5.11,,Trad,"36.099, -81.7815",50,
253,Harpoon,5.10a,,Trad,"36.099, -81.7815",50,
252,Block Route,5.7d,PG13,Trad,"36.3916, -81.0473",88,
251,Pillar Assault,5.8,,Sport,"36.340200, -80.480780",122,
250,Scarface,5.6,,TR,"36.340200, -80.480780",122,
249,Overhang Hangover,5.11b,,Sport,"36.340200, -80.480780",122,
248,Pee Break,5.6,,Trad,"36.340200, -80.480780",122,
247,Burning Calves,5.10b,,Trad,"38.0508, -81.03146",113,
246,Out of Mind,5.10a,,Trad,"38.0508, -81.03146",113,
245,Rod Serling Crack,5.10b,,Trad,"38.0508, -81.03146",113,
244,"Quick Robin, to the Batcrack!",5.10a,,Trad,"38.0508, -81.03146",113,
243,Happy Hands,5.9,,Trad,"38.0508, -81.03146",113,
242,Baby Has a Bolt Gun,5.10c,,Sport,"38.2422, -80.83949",49,
241,Hippie Dreams,5.7d,,Sport,"38.2422, -80.83949",49,
240,The Rico Suave Arete aka Rico Suave,5.10a,,Sport,"38.04716, -81.06756",48,
239,Sand in My Crack (Cuddle Monkey),5.7,,Trad,"38.04716, -81.06756",48,
238,Second Thoughts,5.9d,,Trad,"38.04716, -81.06756",48,
237,Yowsah,5.12b,,Sport,"38.046, -81.06841",47,
236,Born to Crimp,5.10b,,Sport,"36.340200, -80.480780",122,
235,Turkey Shoot,5.8,,Sport,"36.340200, -80.480780",122,
234,True Grits,5.8d,,Sport,"36.340200, -80.480780",122,
233,Casablanca,5.10a,,Sport,"36.340200, -80.480780",122,
232,Too Old to Rock and Roll,5.10c,,Sport,"36.340200, -80.480780",122,
231,Hopscotch,5.3,,Trad,"36.39764, -80.28578",81,
230,Wailing Wall,5.6,,Trad,"36.39993, -80.28257",64,
229,Zoo View,5.7d,,Trad,"36.3973, -80.2861",62,
228,Butterfingers,5.11a,,Sport,"36.340200, -80.480780",122,
227,Hidden in Plain Sight,5.11a,,Sport,"36.340200, -80.480780",122,
226,Orange Peel,5.9d,,Sport,"36.340200, -80.480780",122,
225,Venus Scribner,5.10b,,Sport,"36.340200, -80.480780",122,
224,Buzzard's Breath,5.8,,Sport,"36.340200, -80.480780",122,
223,Banana,5.7,,Trad,"38.833800, -79.366300",123,
222,Debbie,5.6,,Trad,"38.833800, -79.366300",123,
221,Jammerfest,5.10b,,Trad,"68.1838, 14.274",46,
220,Englevinger,5.10c,,Trad,"68.1838, 14.274",45,
219,Bare Blabaer,5.8,,Trad,"68.1838, 14.274",46,
218,There Is To Do,5.10a,,Trad,"68.1838, 14.274",46,
217,Gandalf,5.8,,Trad,"68.17373, 14.2125",44,
216,Tromso ekspressen,5.10a,,Trad,"68.17373, 14.2125",44,
215,The Boys First Journey at Sea,5.11a,,Trad,"68.17373, 14.2125",44,
214,Gamle rev,5.10a,,Trad,"68.17373, 14.2125",44,
213,Guns N' Roses,5.10c,,Trad,"68.17373, 14.2125",44,
212,Gollum,5.8d,,Trad,"68.17373, 14.2125",44,
211,Vestpillaren Direct,5.10d,,Trad,"68.1815, 14.21888",43,
210,Standard Route,Easy,,Snow,"61.63579, 8.30979",42,
209,Oye for Oye,5.7,,Trad,"60.680247, 8.817867",41,
208,Jimi Embrik,5.10d,,Sport,"60.680247, 8.817867",41,
207,Skyggediederet,5.8,,Trad,"60.680247, 8.817867",41,
206,Solstikk,5.8,,Trad,"60.680247, 8.817867",41,
205,Bakom Synger Skogene,5.8,,Sport,"60.680247, 8.817867",41,
204,Hoppalong,5.10b,,Sport,"60.680247, 8.817867",41,
203,Litten Oppdrift,5.11a,,Sport,"60.680247, 8.817867",41,
202,Hallingmarsjen,5.8,,Sport,"60.617856, 9.050725",40,
201,Helgepraten,5.10b,,Sport,"60.617856, 9.050725",40,
200,Fissura Hulk,5.8,,Trad,"-23.0061, -43.2988",39,
199,Thanos,5.9d,,Trad,"-23.0061, -43.2988",39,
198,Despacito,5.4,,Trad,"-23.0061, -43.2988",39,
197,Chamine Stop,5.7d,R,Trad,"-22.949900, -43.159100",120,
196,Diedro Pegasus,5.8,,Trad,"-22.95639, -43.16741",38,
195,Bom Dia Africa,5.12a,,Sport,"-22.968873, -43.201737",37,
194,Crystal Cannibal,5.9,,Sport,"-22.968873, -43.201737",37,
193,Mico Mija,5.11b,,Sport,"-22.95173, -43.15762",117,
192,Vilma Arnaud,5.6,,Sport,"-22.95639, -43.16741",38,
191,Mauricio Mota,5.5,,Sport,"-22.95639, -43.16741",38,
190,Loki,5.10a,,Sport,"-20.47244, -55.78526",36,
189,R2D2,5.11a,,Sport,"-20.47244, -55.78526",36,
188,ResPira,5.10a,,Sport,"-20.47244, -55.78526",36,
187,Mata Burro,5.9d,,Sport,"-20.47244, -55.78526",36,
186,Aerophobia,5.6,,Sport,"36.340200, -80.480780",122,
185,Walk the Plank,5.8,,Sport,"36.340200, -80.480780",122,
184,Over Booked,5.7,,Sport,"36.340200, -80.480780",122,
183,Pontius Pilot,5.10a,,Sport,"36.340200, -80.480780",122,
182,Hurly-Burly,5.9,,Sport,"36.340200, -80.480780",122,
181,Wrestling with the Textonic,5.9,,Sport,"36.340200, -80.480780",122,
180,Play It Again,5.10a,,Trad,"36.340200, -80.480780",122,
179,Skull & Bones,5.8,,Sport,"36.340200, -80.480780",122,
178,Ramp Arete,5.7,,Sport,"34.95749, -82.79015",35,
177,5.9 Offwidth,5.9,,Trad,"34.95749, -82.79015",35,
176,Flakey,5.8,,Trad,"34.95749, -82.79015",35,
175,S Crack,5.10a,,Trad,"34.95749, -82.79015",35,
174,Shock the Monkey,5.10c,,Sport,"36.375128, -80.369331",55,
173,Old Man's Sport Route,5.11a,,Sport,"36.375128, -80.369331",55,
172,Whiskey Sour,5.6,,Trad,"36.375128, -80.369331",55,
171,Another Alternative,5.8,,Trad,"36.340200, -80.480780",122,
170,To Tee or Not To Tee,5.10a,,Sport,"36.16644, -78.44528",34,
169,Bernalina,5.7,,Sport,"20.74847, -99.94663",33,
168,That Eight (aka Kennel Club),5.8,,Sport,"34.1804, -85.81699",32,
167,Climbing Merit Badge,5.6,,Trad,"34.1804, -85.81699",32,
166,Northeast Buttress,5.5,,Trad,"48.48291, -120.9108",31,
165,Junior's Farm,5.8,PG13,Trad,"47.88858, -123.13841",30,
164,Groover (Gaskin Finish),5.8d,,Trad,"35.15026, -83.0564",29,
163,Unknown 5.9,5.9,,Sport,"38.49712, -106.94757",28,
162,The Maiden Voyage aka The Red Dihedral,5.9a,,Trad,"38.57701, -107.73207",27,
161,King Me,5.10a,,Trad,"38.57701, -107.73207",27,
160,Dunn's Dihedral,5.8,,Trad,"38.72652, -106.76942",26,
159,Buddha's Belly,5.10a,,Sport,"38.49712, -106.94757",28,
158,The Worm Hole,5.7,,Trad,"38.49712, -106.94757",28,
157,Rising Expectations,5.11,,Sport,"38.49712, -106.94757",28,
156,Shovel Head,5.9,,Sport,"38.756, -106.7702",25,
155,Poker in the Rear,5.9,,Trad,"38.756, -106.7702",25,
154,"13 Bolt (Ride Hard, Die Free)",5.10a,,Sport,"38.756, -106.7702",25,
153,South Face,5.7,,Trad,"38.12093, -109.65158",24,
152,North Ridge,5.7,,Trad,"38.68691, -109.91696",23,
151,Terma,5.9,PG13,Trad,"38.65092, -109.49562",22,
150,Standard Route (West Fins),5.3,,Trad,"38.69592, -109.54034",21,
149,"Regular Route (""East Rib"")",5.4,PG13,Sport,"38.2754, -109.4052",20,
148,Mountaineers Route,5.6,,Trad,"38.6727, -109.40484",19,
147,Duracell,5.8,,TR,"36.340200, -80.480780",122,
146,Howdy Dude,5.7,,TR,"36.340200, -80.480780",122,
145,Super Pinch,5.10d,,Sport,"37.6775, -83.73409",18,
144,Sunny the Boxer,5.9,,Sport,"37.6775, -83.73409",18,
143,Norway On My Mind,5.9,,Sport,"37.6775, -83.73409",18,
142,Get Outta My Way,5.2,R,Trad,"37.83768, -83.64701",61,
141,Gettin' Lucky in Kentucky,5.10b,,Sport,"37.7301, -83.6318",17,
140,Plate Tectonics,5.10a,,Sport,"37.7301, -83.6318",17,
139,"59"" DrillBitch",5.10a,,Sport,"37.72961, -83.63208",16,
138,Left Wishbone (Rock Scramble),5th,,Scramble,"35.85362, -82.24006",15,
137,737 Max,5.8,,Sport,"36.340200, -80.480780",122,
136,Psycho-metric,5.11a,,Sport,"36.340200, -80.480780",122,
135,The Nose,5.8,,Trad,"35.2948, -82.78817",14,
134,Lucy in the Sky with Diamonds,5.10a,,Trad,"34.6372, -83.7141",13,
133,Edges to Ledges,5.7,,Trad,"34.6372, -83.7141",13,
132,No Alternative,5.5,PG13,Trad,"36.3916, -81.0473",88,
131,Ohio Climbing,5.8,,Sport,"37.72444, -83.62657",57,
130,Glory and Consequence,5.7d,,Sport,"37.73288, -83.63751",12,
129,Misty,5.10c,,Sport,"34.1804, -85.81699",32,
128,Neckerchief? Traverse,5.6,,Trad,"34.1804, -85.81699",32,
127,Neckerchief?,5.8,PG13,Trad,"34.1804, -85.81699",32,
126,Laurel Springs WI4,WI4,,Ice,"35.292656, -82.914668",11,
125,The Black Hole,5.10b,,Sport,"36.340200, -80.480780",122,
124,Ironman,5.8d,,Sport,"36.340200, -80.480780",122,
123,Cave Route,5.5,,Trad,"35.88831, -81.88519",83,
122,Crackerjack,5.8,,Trad,"35.88831, -81.88519",83,
121,Cave Routes  1 and  2,5.7,,TR,"38.08299, -81.08043",84,
120,Team Jesus,5.10a,,Trad,"38.08299, -81.08043",84,
119,New River Gunks,5.7d,,Trad,"38.08299, -81.08043",84,
118,Jeff's Bunny Hop,5.8,,Sport,"38.24193, -80.84067",111,
117,Sniff the Drill,5.8,,Sport,"38.24193, -80.84067",111,
116,"She Got the Bosch, I Got Drilled",5.10a,,Sport,"38.2422, -80.83949",49,
115,Orange Express,5.10b,,Sport,"38.2422, -80.83949",49,
114,Orange Oswald,5.10a,,Sport,"38.2422, -80.83949",49,
113,Chunko Goes Bowling,5.9d,,Sport,"38.2422, -80.83949",49,
112,Granola,5.8d,,Trad,"35.44953, -82.21258",79,
111,Fruit Loops,5.7d,,Trad,"35.44953, -82.21258",79,
110,East Of Eden,V1,,Boulder,"36.61218, -81.49118",10,
109,Magnetic North,V1,,Boulder,"36.61218, -81.49118",10,
108,Peace of Westphalia (PoW),V0,,Boulder,"36.61218, -81.49118",10,
107,Windy Heights,V1,,Boulder,"36.61218, -81.49118",10,
106,Highland Highball,V2,,Boulder,"36.61218, -81.49118",10,
105,Slabacious,V0,,Boulder,"36.61218, -81.49118",10,
104,Trundlerama,5.11a,,Sport,"36.09055, -84.70502",9,
103,Huecool Junior,5.10c,,Sport,"36.09055, -84.70502",9,
102,Dutch Boy,5.10b,,Sport,"36.09055, -84.70502",9,
101,Rover B. Dog,5.10a,,Sport,"36.09055, -84.70502",9,
100,Incredarete,V1,,Boulder,"35.2477, -85.22077",8,
99,Two Can Sam,V3,,Boulder,"35.2477, -85.22077",8,
98,Needless Things,V0a,,Boulder,"35.2477, -85.22077",8,
97,Fire Crack Flake,V1,,Boulder,"35.2477, -85.22077",8,
96,Dice,V2,,Boulder,"35.2477, -85.22077",8,
95,Costume Rings,V0a,,Boulder,"35.2477, -85.22077",8,
94,The Medallion,5.10a,,Trad,"36.069401, -78.891996",7,
93,Whisky For Breakfast,5.10d,PG13,Trad,"35.44953, -82.21258",79,
92,Wild Seed,5.11a,,Sport,"38.0607, -81.0671",86,
91,Crescenta,5.10a,,Trad,"38.0607, -81.0671",86,
90,Hysteria,5.8,,Trad,"38.0607, -81.0671",86,
89,Anal Clenching Adventures,5.10a,,Trad,"38.0607, -81.0671",86,
88,Remission,5.10b,,Trad,"38.05508, -81.05767",6,
87,Can I Do It Till I Need Glasses,5.10c,,Trad,"38.05508, -81.05767",6,
86,The Grafenburg Crack,5.9a,,Trad,"38.05508, -81.05767",6,
85,The Undeserved,5.10b,,Trad,"38.05508, -81.05767",6,
84,Celibate Mallard,5.10c,,Trad,"38.05508, -81.05767",6,
83,Black and Tan,5.10a,,Trad,"38.05508, -81.05767",6,
82,Doce Doe,5.8,,Trad,"38.05508, -81.05767",6,
81,Fantasy,5.8,,Trad,"38.05508, -81.05767",6,
80,Big Alternative,V4,,Boulder,"38.08299, -81.08043",84,
79,Warm-up Roof,V2,,Boulder,"38.08299, -81.08043",84,
78,The Entertainer,5.10a,,Trad,"38.08299, -81.08043",84,
77,Reachers of Habit,5.11b,,Sport,"38.08299, -81.08043",84,
76,Reaching New Heights,5.11b,,Trad,"38.08299, -81.08043",84,
75,Jumpin' Jack Flash,5.7d,,Trad,"38.08299, -81.08043",84,
74,Realignment,5.10d,,Trad,"38.08299, -81.08043",84,
73,Stretch Armstrong,5.12a,,Sport,"38.07178, -81.08006",5,
72,Jaws,5.9d,,Trad,"38.07178, -81.08006",5,
71,Brain Tweezers,5.10c,,Sport,"38.0508, -81.03146",113,
70,Brain Storm,5.8,,Trad,"38.0508, -81.03146",113,
69,"You Want It, You Got It",5.9,,Sport,"38.0508, -81.03146",113,
68,Going Ballistic,5.10d,,Sport,"37.8446, -83.6686",2,
67,Flight Path,5.10b,,Sport,"37.8446, -83.6686",2,
66,That Eight,5.8a,,Sport,"38.24193, -80.84067",111,
65,Rapscallion's Blues,5.10c,,Trad,"38.08299, -81.08043",84,
64,The Distortionist,5.6,,Trad,"38.08299, -81.08043",84,
63,Fred Sandstone Flake,5.9,,Trad,"38.09332, -81.09376",112,
62,Werewolf,5.10a,PG13,Trad,"38.09332, -81.09376",112,
61,My Sister Makes Cluster Bombs,5.11c,,Sport,"38.09332, -81.09376",112,
60,Daisy Cutter,5.7,,Sport,"38.09332, -81.09376",112,
59,Eight Ball in the Side Pocket,5.12a,,Sport,"38.09332, -81.09376",112,
58,Basic Bubba Crack,5.9,,Trad,"38.09332, -81.09376",112,
57,Bubba Safari,5.8,PG13,Trad,"38.09332, -81.09376",112,
56,Flatten your Curves,5.7,,Sport,"36.069401, -78.891996",7,
55,Benadryl,V0,,Boulder,"36.61218, -81.49118",10,
54,Bumble Bee,V0,,Boulder,"36.61218, -81.49118",10,
53,Honeycomb,V0,,Boulder,"36.61218, -81.49118",10,
52,Eye of the Narwhal,V4,,Boulder,"36.61218, -81.49118",10,
51,Colony,V2,,Boulder,"36.61218, -81.49118",10,
50,The Hive,V3,,Boulder,"36.61218, -81.49118",10,
49,Sunset Arete,V1,,Boulder,"36.61218, -81.49118",10,
48,All Things Considered,V3,,Boulder,"36.61218, -81.49118",10,
47,Highlands Lowball (corner version) Arete,V2d,,Boulder,"36.61218, -81.49118",10,
46,My Route,5.6,,Trad,"35.88831, -81.88519",83,
45,North Ridge,5.5,,Trad,"35.88831, -81.88519",83,
44,Teflon Toes,5.11a,,Sport,"36.340200, -80.480780",122,
43,Tight Rope,5.8,,Sport,"36.16644, -78.44528",34,
42,Tee Ball,5.6,,Sport,"36.16644, -78.44528",34,
41,All Gold Everything,5.9,,Trad,"36.16644, -78.44528",34,
40,Iced Tee,5.8d,,Sport,"36.16644, -78.44528",34,
39,Redacted,5.10a,,Sport,"36.16644, -78.44528",34,
38,White Trash,5.10a,,Sport,"36.09764, -81.77188",89,
37,I Gotta Wear Shades,5.9,,TR,"36.340200, -80.480780",122,
36,The Herculean Test,5.10d,,Trad,"36.340200, -80.480780",122,
35,Papa Bear,5.10b,,TR,"36.340200, -80.480780",122,
34,Henar Lite,5.10c,,Sport,"36.340200, -80.480780",122,
33,Smooth Sailing (aka Lloyd Would Have Liked It),5.10a,,Sport,"36.340200, -80.480780",122,
32,Black Rain,5.9,,Sport,"36.340200, -80.480780",122,
31,The Humbler,5.6,,Trad,"35.87908, -81.88682",4,
30,The Tumbler,5.6,,Trad,"35.87908, -81.88682",4,
29,Mama Bear,5.10b,,TR,"36.340200, -80.480780",122,
28,Baby Bear,5.11a,,TR,"36.340200, -80.480780",122,
27,Pole Dancing,5.7,,Sport,"36.340200, -80.480780",122,
26,Mercury's Lead,5.9,R,Trad,"36.3916, -81.0473",88,
25,Bombay Groove aka Yankee Go Home,5.10a,PG13,Trad,"36.3916, -81.0473",88,
24,Washboard,5.6,,Trad,"36.39764, -80.28578",81,
23,Blue Chock,5.10b,,Trad,"36.39764, -80.28578",81,
22,Nuclear Crayon,5.10d,PG13,Trad,"36.39993, -80.28257",64,
21,Do or Dive,5.10a,,Trad,"36.39993, -80.28257",64,
20,Spock's Brain,5.11a,,Trad,"38.833800, -79.366300",123,
19,Alcoa Presents,5.8,,Trad,"38.833800, -79.366300",123,
18,Conn's East Direct,5.8,,Trad,"38.833800, -79.366300",123,
17,The Warlock,5.9d,,Trad,"38.833800, -79.366300",123,
16,Discrepancy,5.8,,Trad,"38.833800, -79.366300",123,
15,Blind Prophet Lite,5.11b,PG13,Sport,"36.340200, -80.480780",122,
14,Place Your Bet,5.7,,TR,"36.340200, -80.480780",122,
13,Goldilocks,5.5,,TR,"36.340200, -80.480780",122,
12,Mild Mannered Secretary,5.7,,Sport,"36.340200, -80.480780",122,
11,Pump Street,5.10a,,Sport,"36.340200, -80.480780",122,
10,Eurozone,5.10a,,Sport,"36.340200, -80.480780",122,
9,The Kessel Run,V3,,Boulder,"36.39965, -80.29077",3,
8,Boone Lounge,V3,,Boulder,"36.39965, -80.29077",3,
7,What's In A Name,V3,,Boulder,"36.39965, -80.29077",3,
6,Admiral Aretebar,V2,,Boulder,"36.39965, -80.29077",3,
5,V3PO,V3,,Boulder,"36.39965, -80.29077",3,
4,The Taoist,V1,,Boulder,"36.39965, -80.29077",3,
3,Oh-V1-Kenobi,V1,,Boulder,"36.39965, -80.29077",3,
2,It's A Trap,V1d,,Boulder,clear,3,
1,Gentle Ben,5.10a,,Sport,"36.340200, -80.480780",122,
